유닛,원 유닛,분리,카드 초록,카드 회색 1행 (뜻),기존 분류,패턴화,공통 고정어,패턴화 불가 이유,확인,독립 문장 수,대비형인데 나누지 않은 이유,괄호에 주어 포함,고민 목록 유형,고민 목록 메모
10000,10000,,get up,일어나다 / 기상하다,패턴형,가능,get up,,,3,,,,
10001,10001,,talk to ______,~와 이야기하다,패턴형,가능,talk to,,,3,,,,
10002,10002,,put ______ on,~을 입다,패턴형,가능,Put … on,,,3,,,,
10003,10003,,Please ______ .,~해 주세요,패턴형,가능,Please,,,6,,,1 한 단어 패턴,
10004,10004,,think of ______,~을 생각하다,패턴형,가능,think of,,,3,,,,
10005,10005,,주어 + didn't + ______ .,~ 안 했어,패턴형,가능,didn't,,,6,,Y,,
10006,10006,,Are / Is + 주어 + ______ ?,~야? / ~해?,패턴형,불가,,일치 규칙 — be·do 와 주어·시제가 문장마다 바뀌어 고정된 말이 없다,,6,,,,
10007,10007,,Was / Were + 주어 + ______ ?,~였어? / ~했었어?,패턴형,불가,,일치 규칙 — be·do 와 주어·시제가 문장마다 바뀌어 고정된 말이 없다,,6,,,,
10008,10008,,Is / Are + 주어 + ______ or ______ ?,"~야, 아니면 ~야?",패턴형,가능,or,,고정어가 기능어 하나뿐 — 공통 패턴 찾기로는 약하다,6,,,5 분리 틀(고정어 사이에 빈칸),
10009,10009,,Do / Does + 주어 + ______ ?,~해?,패턴형,불가,,일치 규칙 — be·do 와 주어·시제가 문장마다 바뀌어 고정된 말이 없다,,6,,,,
10010,10010,,Don't be ______ .,~하지 마,패턴형,가능,Don't be,,,5,,,,
10011,10011,,Did + 주어 + ______ ?,~했어?,패턴형,가능,Did,,고정어가 기능어 하나뿐 — 공통 패턴 찾기로는 약하다,6,,,,
10012,10012,,Don't / Doesn't / Aren't + 주어 + ______ ?,~ 안 해? / ~ 아니야?,패턴형,가능,Don't,,고정어가 기능어 하나뿐 — 공통 패턴 찾기로는 약하다,6,,,,
10013,10013,,What / Who / Where / How / Why + is/was + ______ ?,~는 뭐야 / 누구야 / 어디야?,대비형,불가,,열린 목록 — 같은 자리에 의문사가 갈아 끼워진다,,6,열린 목록 — 같은 자리에 의문사가 갈아 끼워진다,,,
10014,10014,,의문사 + do / did + 주어 + ______ ?,뭘 / 어떻게 / 어디서 ~했어?,대비형,불가,,열린 목록 — 같은 자리에 의문사가 갈아 끼워진다,,6,열린 목록 — 같은 자리에 의문사가 갈아 끼워진다,,,
10015,10015,,Whose ______ is / are this ?,이거 누구 ~야?,패턴형,가능,Whose,,고정어가 기능어 하나뿐 — 공통 패턴 찾기로는 약하다,6,,,5 분리 틀(고정어 사이에 빈칸),
10016,10016,,What + 명사 + ______ ?,무슨 ~ 좋아해?,패턴형,가능,What,,고정어가 기능어 하나뿐 — 공통 패턴 찾기로는 약하다,6,,,5 분리 틀(고정어 사이에 빈칸),
10017,10017,,This / That / These / Those + is/are/was + ______ .,이건/저건 ~야,대비형,불가,,열린 목록 — 지시어(this / that / these / those). 단수·복수와 거리로 고르는 대비로 보면 나눌 수 있다(확인 필요),,6,열린 목록 — 지시어(this / that / these / those). 단수·복수와 거리로 고르는 대비로 보면 나눌 수 있다(확인 필요),,,
10018,10018,,Be ______ .,~하게 굴어,패턴형,가능,Be,,고정어가 기능어 하나뿐 — 공통 패턴 찾기로는 약하다,6,,,1 한 단어 패턴,
10019-A,10019,분리,주어 + be동사 + in + ______ .,~ 안에 있어,대비형 → 분리,가능,be in,,,3,,Y,1 한 단어 패턴,
10019-B,10019,분리,주어 + be동사 + on + ______ .,~ 위에 있어,대비형 → 분리,가능,be on,,,2,,Y,1 한 단어 패턴,
10019-C,10019,분리,주어 + be동사 + at + ______ .,~에 있어,대비형 → 분리,가능,be … at,,,1,,Y,1 한 단어 패턴,
10020,10020,,this / that / these / those + ______,이 ~ / 저 ~,대비형,불가,,열린 목록 — 지시어(this / that / these / those). 단수·복수와 거리로 고르는 대비로 보면 나눌 수 있다(확인 필요),,6,열린 목록 — 지시어(this / that / these / those). 단수·복수와 거리로 고르는 대비로 보면 나눌 수 있다(확인 필요),,1 한 단어 패턴,
10021,10021,,Here's ______ .,여기 ~ 있어,패턴형,가능,Here's,,,3,,,,
10022,10022,,Let me ______ .,내가 ~할게,패턴형,가능,Let me,,,6,,,,
10023,10023,,It's / He's / She's  a(n) ______ ______ .,(그건) ~한 ~야,패턴형,가능,be,,고정어가 기능어 하나뿐 — 공통 패턴 찾기로는 약하다,6,,Y,,
10024,10024,,주어 + 동사 + so / really / too + ______ .,정말 ~하게 ~해,자리형,불가,,자리 규칙 — 부사·대명사가 들어가는 위치만 같다(들어가는 낱말은 매번 다르다),,6,,,1 한 단어 패턴,
10025,10025,,동사 + to + ______,~로 가다 / ~에게 주다,패턴형,가능,to,,고정어가 기능어 하나뿐 — 공통 패턴 찾기로는 약하다,6,,,,
10026-A,10026,분리,Let's ______ .,~하자,패턴형 → 분리,가능,Let's,,,4,,,1 한 단어 패턴,Let's 1단어 (+ go -ing)
10026-B,10026,분리,Let's go ______ -ing .,~하러 가자,패턴형 → 분리,가능,Let's go,,,2,,,1 한 단어 패턴,Let's 1단어 (+ go -ing)
10027,10027,,Let's not ______ .,~하지 말자,패턴형,가능,Let's not,,,6,,,,
10028,10028,,주어 + 동사 + ______ (well / fast / carefully / quickly),~하게 ~해,자리형,불가,,자리 규칙 — 부사·대명사가 들어가는 위치만 같다(들어가는 낱말은 매번 다르다),,6,,,1 한 단어 패턴,
10029,10029,,What do you think of ______ ?,~ 어떻게 생각해?,패턴형,가능,What do … think of,,,3,,,,
10030,10030,,주어 + 동사 + ______ (early / late / hard),~하게 ~해,자리형,불가,,자리 규칙 — 부사·대명사가 들어가는 위치만 같다(들어가는 낱말은 매번 다르다),,6,,,1 한 단어 패턴,
10031,10031,,Maybe / Actually / Unfortunately + ______ .,아마 ~인가 봐 / 사실 ~야,대비형,불가,,열린 목록 — 같은 자리에 같은 부류 낱말(부사·동사·대명사)이 갈아 끼워진다,,6,열린 목록 — 같은 자리에 같은 부류 낱말(부사·동사·대명사)이 갈아 끼워진다,,1 한 단어 패턴,
10032,10032,,주어 + be동사 + very / really / pretty + ______ .,정말 ~해 / 꽤 ~해,자리형,불가,,자리 규칙 — 부사·대명사가 들어가는 위치만 같다(들어가는 낱말은 매번 다르다),,6,,,1 한 단어 패턴,
10033,10033,,Why don't you ______ ?,~하는 건 어때?,패턴형,가능,Why don't you,,,3,,,,
10034,10034,,______ 's + 명사,~의 ~야,변화형,불가,,형태 규칙 — 같은 규칙으로 낱말마다 끝 모양을 바꾼다(공통된 말이 없다),,6,,,,
10035,10035,,all (of) ______,~ 전부 / 모든 ~,패턴형,가능,All,,고정어가 기능어 하나뿐 — 공통 패턴 찾기로는 약하다,6,,,1 한 단어 패턴,
10036,10036,,복수형 ______ (-s / feet · mice · women · fish),~들,패턴형,가능,These,,고정어가 기능어 하나뿐 — 공통 패턴 찾기로는 약하다,6,,,3 형태 변화만으로 된 패턴,
10037,10037,,look / sound / feel + ______,~해 보여 / ~하게 들려 / ~하게 느껴져,대비형,불가,,열린 목록 — 같은 자리에 같은 부류 낱말(부사·동사·대명사)이 갈아 끼워진다,,6,열린 목록 — 같은 자리에 같은 부류 낱말(부사·동사·대명사)이 갈아 끼워진다,,,
10038,10038,,the ______ of the ______,~의 ~,패턴형,가능,of,,고정어가 기능어 하나뿐 — 공통 패턴 찾기로는 약하다,6,,,5 분리 틀(고정어 사이에 빈칸),
10039,10039,,look / sound / feel / taste like ______,~처럼 보여 / 들려 / 느껴져,패턴형,가능,like,,,6,,,,
10040,10040,,주어 + be동사 + ______ -ing .,~하고 있어,변화형,불가,,형태 규칙 — 같은 규칙으로 낱말마다 끝 모양을 바꾼다(공통된 말이 없다),,6,,Y,,
10041,10041,,주어 + be동사 + always / usually / never + ______ .,항상 / 보통 / 절대 ~해,자리형,불가,,자리 규칙 — 부사·대명사가 들어가는 위치만 같다(들어가는 낱말은 매번 다르다),,6,,Y,1 한 단어 패턴,빈도부사(always 등) 1단어
10042,10042,,come from ______,~에서 나오다 / ~산이다,패턴형,가능,comes from,,,3,,,,
10043,10043,,주어 + always / often / never + ______ .,항상 / 자주 / 전혀 ~해,자리형,불가,,자리 규칙 — 부사·대명사가 들어가는 위치만 같다(들어가는 낱말은 매번 다르다),,6,,,1 한 단어 패턴,빈도부사(always 등) 1단어
10044,10044,,come over (to ______),놀러 오다,패턴형,가능,Come over,,,3,,,,
10045,10045,,What a(n) ______ + 명사 !,정말 ~하다!,패턴형,가능,What,,고정어가 기능어 하나뿐 — 공통 패턴 찾기로는 약하다,6,,,,
10046,10046,,What ______ + 복수명사 !,정말 ~한 ~들이다!,패턴형,가능,What,,고정어가 기능어 하나뿐 — 공통 패턴 찾기로는 약하다,6,,,1 한 단어 패턴,What + 복수명사
10047,10047,,go back (to ______),~로 돌아가다,패턴형,가능,go back,,,3,,,,
10048,10048,,turn off ______  (= turn ______ off),~을 끄다,패턴형,가능,turn off,,,3,,,,
10049,10049,,주어 + can + ______ .,~할 수 있어,패턴형,가능,can,,고정어가 기능어 하나뿐 — 공통 패턴 찾기로는 약하다,6,,,,
10050,10050,,What is ______ like ?,~는 어떤 사람이야?,패턴형,가능,What's … like,,,3,,,,
10051,10051,,______ ’s  (+ 명사),~의 것 / ~의 ~,변화형,불가,,형태 규칙 — 같은 규칙으로 낱말마다 끝 모양을 바꾼다(공통된 말이 없다),,6,,,,
10052,10052,,How ______ + 주어 + 동사 !,정말 ~하다!,패턴형,가능,How,,고정어가 기능어 하나뿐 — 공통 패턴 찾기로는 약하다,6,,,5 분리 틀(고정어 사이에 빈칸),
10053,10053,,주어 + was / were + ______ -ing .,~하고 있었어,변화형,불가,,형태 규칙 — 같은 규칙으로 낱말마다 끝 모양을 바꾼다(공통된 말이 없다),,6,,,,
10054,10054,,once / twice a ______,~에 한 번 / 두 번,대비형,불가,,열린 목록 — 같은 자리에 같은 부류 낱말(부사·동사·대명사)이 갈아 끼워진다,,6,열린 목록 — 같은 자리에 같은 부류 낱말(부사·동사·대명사)이 갈아 끼워진다,,4 숫자·단위·날짜,
10055,10055,,at ______ o'clock,~시에,패턴형,가능,at … o'clock,,,6,,,4 숫자·단위·날짜,
10056,10056,,동사의 과거형 ______ (went · met · lost · caught · read · grew),~했어,변화형,불가,,형태 규칙 — 같은 규칙으로 낱말마다 끝 모양을 바꾼다(공통된 말이 없다),,6,,Y,3 형태 변화만으로 된 패턴,
10057,10057,,feel like ______,~ 같아 / ~인 것 같아,패턴형,가능,feel like,,,3,,,,
10058,10058,,It's ______ (today) .,오늘은 ~야,패턴형,가능,be,,,6,,Y,,
10059-A,10059,분리,on + 요일·날짜,~에 (요일·날짜),대비형 → 분리,가능,on,,고정어가 기능어 하나뿐 — 공통 패턴 찾기로는 약하다,3,,,1 한 단어 패턴,
10059-B,10059,분리,at + 시각,~시에,대비형 → 분리,가능,at,,고정어가 기능어 하나뿐 — 공통 패턴 찾기로는 약하다,2,,,1 한 단어 패턴,
10059-C,10059,분리,in + 아침·달·계절,~에 (아침·달·계절),대비형 → 분리,가능,in,,고정어가 기능어 하나뿐 — 공통 패턴 찾기로는 약하다,1,,,1 한 단어 패턴,
10060,10060,,______ is mine / yours / his / hers,~ 거야,대비형,가능,is,,고정어가 기능어 하나뿐 — 공통 패턴 찾기로는 약하다,6,주어에 맞춰 정해진다 — 고르는 결정이 아니다,,1 한 단어 패턴,
10061,10061,,[시] + [분],~시 ~분,해당없음,불가,,해당없음 — 시각 읽기,,6,,,4 숫자·단위·날짜,
10062,10062,,take off ______,~을 벗다,패턴형,가능,Take off,,,3,,,,
10063,10063,,[분] after [시],~시 ~분,패턴형,가능,after,,고정어가 기능어 하나뿐 — 공통 패턴 찾기로는 약하다,6,,,4 숫자·단위·날짜,
10064,10064,,How about ______ ?,~는 어때?,패턴형,가능,How about,,,3,,,,
10065,10065,,주어 + 동사-ed .,~했어,변화형,불가,,형태 규칙 — 같은 규칙으로 낱말마다 끝 모양을 바꾼다(공통된 말이 없다),,6,,Y,3 형태 변화만으로 된 패턴,
10066,10066,,Can / Could you ______ ?,~해 줄래?,대비형,불가,,뉘앙스 차이 — 갈래의 뜻이 거의 같아 설명(회색 2행)으로 다룬다,,6,뉘앙스 차이 — 갈래의 뜻이 거의 같아 설명(회색 2행)으로 다룬다,,,
10067,10067,,look at ______,~을 보다,패턴형,가능,look at,,,3,,,,
10068,10068,,______ too much,너무 많이 ~해,패턴형,가능,too much,,,3,,,,
10069,10069,,show up,(약속 자리에) 나타나다,패턴형,가능,show up,,,3,,,,
10070,10070,,Can / Could I ______ ?,~해도 될까?,패턴형,가능,Can,,고정어가 기능어 하나뿐 — 공통 패턴 찾기로는 약하다,6,,,,
10071,10071,,come back,돌아오다,패턴형,가능,come back,,,3,,,,
10072,10072,,Be sure to ______ .,꼭 ~해,패턴형,가능,Be sure to,,,3,,,,
10073,10073,,주어 + can't + ______ .,~할 수 없어 / ~가 안 돼,패턴형,가능,can't,,,6,,Y,,
10074,10074,,be about to ______,막 ~하려던 참이야,패턴형,가능,be about to,,,3,,,,
10075,10075,,most of ______,~의 대부분,패턴형,가능,most of,,,3,,,,
10076,10076,,Can + 주어 + ______ ?,~할 수 있어?,패턴형,가능,Can,,고정어가 기능어 하나뿐 — 공통 패턴 찾기로는 약하다,6,,,,
10077,10077,,Which one ______ ?,어느 게 ~야?,패턴형,가능,Which one,,,3,,,,
10078,10078,,주어 + can / could + be + ______ .,~일 수도 있어,대비형,불가,,뉘앙스 차이 — 갈래의 뜻이 거의 같아 설명(회색 2행)으로 다룬다,,6,뉘앙스 차이 — 갈래의 뜻이 거의 같아 설명(회색 2행)으로 다룬다,,,
10079,10079,,a ______ of + 명사,~ 한 잔 / 한 조각,패턴형,가능,of,,고정어가 기능어 하나뿐 — 공통 패턴 찾기로는 약하다,6,,,5 분리 틀(고정어 사이에 빈칸),
10080,10080,,의문사 + can + 주어 + ______ ?,어떻게 ~할 수 있어?,대비형,가능,can,,고정어가 기능어 하나뿐 — 공통 패턴 찾기로는 약하다,6,열린 목록 — 같은 자리에 의문사가 갈아 끼워진다,,,
10081,10081,,Would you ______ ?,~해 주시겠어요?,패턴형,가능,Would you,,,3,,,,
10082,10082,,What kind of ______ do you ______ ?,어떤 ~을 ~해?,패턴형,가능,What kind of … do,,,6,,,5 분리 틀(고정어 사이에 빈칸),
10083-A,10083,분리,some ______,좀 ~,대비형 → 분리,가능,some,,고정어가 기능어 하나뿐 — 공통 패턴 찾기로는 약하다,4,,,1 한 단어 패턴,
10083-B,10083,분리,not any ______ / any ______ ?,~가 하나도 없는 / ~ 있어?,대비형 → 분리,가능,any,,고정어가 기능어 하나뿐 — 공통 패턴 찾기로는 약하다,2,,,1 한 단어 패턴,
10084,10084,,주어 + 동사 + 사람 + ______ .,~에게 ~를 해주다,구조형,불가,,어순 규칙 — 고정된 말 없이 덩어리 순서만 같다,,6,,Y,,
10085,10085,,give up (______),포기하다,패턴형,가능,give up,,,3,,,,
10086,10086,,move on (to ______),다음으로 넘어가다,패턴형,가능,move on,,,3,,,,
10087,10087,,Every ______ + 동사,모든 ~,패턴형,가능,Every,,고정어가 기능어 하나뿐 — 공통 패턴 찾기로는 약하다,6,,,1 한 단어 패턴,
10088,10088,,______ + myself / yourself / himself / herself,직접 ~해,대비형,불가,,주어에 맞춰 정해진다 — 고르는 결정이 아니다,,6,주어에 맞춰 정해진다 — 고르는 결정이 아니다,,1 한 단어 패턴,
10089,10089,,There is / are ______ .,~가 있어,패턴형,가능,There,,고정어가 기능어 하나뿐 — 공통 패턴 찾기로는 약하다,6,,,,
10090,10090,,make friends (with ______),친구를 사귀다,패턴형,가능,makes friends,,,3,,,,
10091,10091,,start with ______,~부터 시작하다,패턴형,가능,start with,,,3,,,,
10092,10092,,There isn't / aren't ______ .,~가 없어,패턴형,가능,There isn't,,,6,,,,
10093,10093,,Welcome to ______ !,~에 오신 걸 환영해요,패턴형,가능,Welcome to,,,3,,,,
10094,10094,,It's time for ______ .,~할 시간이야,패턴형,가능,be time for,,,3,,,,
10095,10095,,Isn't / Wasn't there ______ ?,~ 없어? / ~ 있지 않았어?,패턴형,가능,Isn't there,,,6,,,,
10096,10096,,Is / Are / Was there ______ ?,~ 있어?,패턴형,가능,there,,고정어가 기능어 하나뿐 — 공통 패턴 찾기로는 약하다,6,,,,
10097-A,10097,분리,How many ______ ?,~가 몇 개야?,대비형 → 분리,가능,How many,,,3,,,5 분리 틀(고정어 사이에 빈칸),
10097-B,10097,분리,How much ______ ?,~가 얼마나 돼?,대비형 → 분리,가능,How much,,,3,,,5 분리 틀(고정어 사이에 빈칸),
10098-A,10098,분리,not much ______,~가 많지 않아 (셀 수 없는 것),대비형 → 분리,가능,not much,,,3,,,,
10098-B,10098,분리,not many ______,~가 많지 않아 (셀 수 있는 것),대비형 → 분리,가능,don't … many,,,3,,,,
10099,10099,,How + 형용사 / 부사 + ______ ?,얼마나 ~해?,패턴형,가능,How,,고정어가 기능어 하나뿐 — 공통 패턴 찾기로는 약하다,6,,,5 분리 틀(고정어 사이에 빈칸),
10100,10100,,a lot of ______,많은 ~,패턴형,가능,lot of,,,6,,,,
10101,10101,,take care of ______,~을 돌보다,패턴형,가능,takes care of,,,3,,,,
10102-A,10102,분리,"______ , too.",나도 ~해,대비형 → 분리,가능,too,,고정어가 기능어 하나뿐 — 공통 패턴 찾기로는 약하다,2,,Y,5 분리 틀(고정어 사이에 빈칸),
10102-B,10102,분리,"______ not ~ , either.",나도 안 해,대비형 → 분리,가능,don't … either,,,4,,Y,5 분리 틀(고정어 사이에 빈칸),
10103,10103,,write ______ down,~을 적어두다,패턴형,가능,wrote … down,,,3,,,,
10104,10104,,lots of ______,아주 많은 ~,패턴형,가능,lots of,,,3,,,,
10105,10105,,What happened to ______ ?,~에게 무슨 일이 생겼어?,패턴형,가능,What happened to,,,3,,,,
10106,10106,,go to bed,자러 가다,패턴형,가능,Go to bed,,,3,,,,
10107,10107,,주어 + keep / make / find + 목적어 + ______ .,~를 ~한 상태로 만들다 / 유지하다,구조형,불가,,어순 규칙 — 고정된 말 없이 덩어리 순서만 같다,,6,,,,
10108,10108,,get to ______,~할 기회가 생기다,패턴형,가능,got to,,,3,,,,
10109,10109,,have fun,재밌게 놀다,패턴형,가능,Have fun,,,3,,,,
10110,10110,,go out (for ______),나가서 놀다 / 외식하다,패턴형,가능,go out,,,3,,,,
10111,10111,,hundreds / thousands of ______,수백의 / 수천의 ~,패턴형,가능,of,,고정어가 기능어 하나뿐 — 공통 패턴 찾기로는 약하다,6,,,4 숫자·단위·날짜,
10112,10112,,thanks to ______,~ 덕분에,패턴형,가능,thanks to,,,3,,,,
10113,10113,,pick ______ up,~을 데리러 가다,패턴형,가능,pick … up,,,3,,,,
10114,10114,,Everyone / Everything + 단수동사,모두가 / 모든 게 ~해,대비형,불가,,열린 목록 — 같은 자리에 같은 부류 낱말(부사·동사·대명사)이 갈아 끼워진다,,6,열린 목록 — 같은 자리에 같은 부류 낱말(부사·동사·대명사)이 갈아 끼워진다,,1 한 단어 패턴,
10115,10115,,each of ______,~ 각자,패턴형,가능,Each of,,,6,,,,
10116,10116,,each + 단수명사,~마다,패턴형,가능,Each,,고정어가 기능어 하나뿐 — 공통 패턴 찾기로는 약하다,6,,,,
10117-A,10117,분리,some of ______,~ 중 몇몇,대비형 → 분리,가능,Some of,,,3,,,,
10117-B,10117,분리,any (of) ______,~ 중 아무거나 / 하나도,대비형 → 분리,가능,any,,고정어가 기능어 하나뿐 — 공통 패턴 찾기로는 약하다,3,,,,
10118,10118,,______ each,개당 ~ / 하나씩,패턴형,가능,each,,고정어가 기능어 하나뿐 — 공통 패턴 찾기로는 약하다,6,,,1 한 단어 패턴,
10119,10119,,주어 + should + ______ .,~하는 게 좋겠어,패턴형,가능,should,,고정어가 기능어 하나뿐 — 공통 패턴 찾기로는 약하다,6,,Y,,
10120,10120,,let ______ in,~을 들여보내다,패턴형,가능,letting in,,,3,,,,
10121,10121,,grow up,자라다,패턴형,가능,grew up,,,3,,,,
10122,10122,,Why would you ______ ?,왜 ~하는 거야?,패턴형,가능,Why would,,,3,,,,
10123,10123,,call ______ back,~에게 다시 전화하다,패턴형,가능,call … back,,,3,,,,
10124,10124,,주어 + had better(’d better) + ______ .,~하는 게 좋겠어,패턴형,가능,better,,,6,,Y,,
10125,10125,,주어 + have / has to + ______ .,~해야 해,패턴형,가능,to,,고정어가 기능어 하나뿐 — 공통 패턴 찾기로는 약하다,6,,,,
10126,10126,,What's going on (in ______) ?,무슨 일이야?,패턴형,가능,What's going on,,,3,,,,
10127-A,10127,분리,주어 + 동사 + 목적어 + for + 사람 .,~에게 ~를 해주다 (got·made·bought),대비형 → 분리,가능,for,,고정어가 기능어 하나뿐 — 공통 패턴 찾기로는 약하다,4,,,5 분리 틀(고정어 사이에 빈칸),
10127-B,10127,분리,주어 + 동사 + 목적어 + to + 사람 .,~에게 ~를 건네다 (passed·sent),대비형 → 분리,가능,to,,고정어가 기능어 하나뿐 — 공통 패턴 찾기로는 약하다,2,,,5 분리 틀(고정어 사이에 빈칸),
10128,10128,,get out of ______,~에서 나가다,패턴형,가능,get out of,,,3,,,,
10129,10129,,plenty of ______,넉넉한 ~,패턴형,가능,plenty of,,,3,,,,
10130,10130,,주어 + may / might + ______ .,~일지도 몰라,대비형,불가,,뉘앙스 차이 — 갈래의 뜻이 거의 같아 설명(회색 2행)으로 다룬다,,6,뉘앙스 차이 — 갈래의 뜻이 거의 같아 설명(회색 2행)으로 다룬다,Y,,
10131,10131,,주어 + could(n't) + ______ .,~할 수 있었어 / 못 했어,패턴형,가능,couldn't,,,6,,Y,,
10132,10132,,동사 + 대명사 + 부사 (pick it up),~을 ~하다,자리형,불가,,자리 규칙 — 부사·대명사가 들어가는 위치만 같다(들어가는 낱말은 매번 다르다),,6,,,,
10133,10133,,quite a(n) ______,정말 대단한 ~,패턴형,가능,quite,,고정어가 기능어 하나뿐 — 공통 패턴 찾기로는 약하다,3,,,,
10134,10134,,주어 + must + ______ .,꼭 ~해야 해,패턴형,가능,must,,고정어가 기능어 하나뿐 — 공통 패턴 찾기로는 약하다,6,,Y,,
10135,10135,,주어 + do / does / did + ______,정말 ~해,패턴형,불가,,일치 규칙 — be·do 와 주어·시제가 문장마다 바뀌어 고정된 말이 없다,,6,,Y,,
10136,10136,,주어 + should be + ______ .,~일 거야,패턴형,가능,should be,,,6,,Y,,
10137-A,10137,분리,must not ______,~하면 안 돼,대비형 → 분리,가능,must not,,,3,,,,
10137-B,10137,분리,don't have to ______,~ 안 해도 돼,대비형 → 분리,가능,don't have to,,,3,,,,
10138,10138,,hear of ______,~에 대해 들어보다,패턴형,가능,heard of,,,3,,,,
10139,10139,,in charge of ______,~을 맡고 있다,패턴형,가능,in charge of,,,3,,,,
10140,10140,,deal with ______,~을 처리하다,패턴형,가능,deals with,,,3,,,,
10141,10141,,주어 + used to + ______ .,예전엔 ~했었어,패턴형,가능,used to,,,6,,Y,,
10142,10142,,Did you use to ______ ?,예전에 ~했었어?,패턴형,가능,Did … use to,,,6,,,,
10143,10143,,pay attention to ______,~에 집중하다,패턴형,가능,Pay attention to,,,3,,,,
10144,10144,,주어 + would(’d) + ______ .,~하곤 했어,패턴형,가능,would,,고정어가 기능어 하나뿐 — 공통 패턴 찾기로는 약하다,6,,Y,,
10145,10145,,주어 + used to + be / have + ______ .,예전엔 ~였어 / ~가 있었어,패턴형,가능,used to,,,6,,Y,,
10146,10146,,tell (______) the truth,사실대로 말하다,패턴형,가능,telling … truth,,,3,,,,
10147,10147,,What's wrong (with ______) ?,왜 그래? / ~ 뭐가 문제야?,패턴형,가능,What's wrong with,,,3,,,,
10148,10148,,주어 + must + be / ______ .,~인가 보다,패턴형,가능,must,,고정어가 기능어 하나뿐 — 공통 패턴 찾기로는 약하다,6,,Y,,
10149,10149,,주어 + be going to + ______ .,~할 거야,패턴형,가능,be going to,,,6,,Y,,
10150,10150,,let ______ know,~에게 알려주다,패턴형,가능,let … know,,,3,,,,
10151,10151,,주어 + will + ______ .,~할게 / ~할 거야,패턴형,가능,will,,고정어가 기능어 하나뿐 — 공통 패턴 찾기로는 약하다,6,,,,
10152,10152,,Check out ______ !,~ 좀 봐!,패턴형,가능,Check out,,,3,,,,
10153,10153,,in front of ______,~ 앞에서,패턴형,가능,in front of,,,3,,,,
10154,10154,,turn out ______,~하게 되다,패턴형,가능,turned out,,,3,,,,
10155,10155,,take a break,잠깐 쉬다,패턴형,가능,take … break,,,3,,,,
10156,10156,,be friends with ______,~와 친하다,패턴형,가능,be friends with,,,3,,Y,,
10157,10157,,주어 + won't + ______ .,~ 안 할 거야,패턴형,가능,won't,,,6,,Y,,
10158,10158,,a couple of ______,두어 개의 ~,패턴형,가능,couple of,,,3,,,,
10159,10159,,a bit + 형용사,좀 ~해,패턴형,가능,bit,,,3,,,,
10160,10160,,a(n) ______ one,~한 걸로,패턴형,가능,one,,,6,,,5 분리 틀(고정어 사이에 빈칸),
10161,10161,,the ______ ones,~한 것들,패턴형,가능,ones,,,6,,,5 분리 틀(고정어 사이에 빈칸),
10162,10162,,clean ______ up,~을 치우다,패턴형,가능,Clean … up,,,3,,,,
10163,10163,,one more ______,~ 하나 더,패턴형,가능,one more,,,3,,,,
10164,10164,,along with ______,~와 함께,패턴형,가능,along with,,,3,,,,
10165,10165,,주어 + can + always / never + ______ .,언제든 ~하면 돼,자리형,불가,,자리 규칙 — 부사·대명사가 들어가는 위치만 같다(들어가는 낱말은 매번 다르다),,6,,Y,,
10166,10166,,fill out ______,~을 작성하다,패턴형,가능,fill out,,,3,,,,
10167,10167,,"I'm ______ , aren't I ?","나 ~하지, 안 그래?",패턴형,가능,be … aren't,,,6,,Y,,
10168,10168,,What does ______ look like ?,~는 어떻게 생겼어?,패턴형,가능,What did … look like,,,3,,,,
10169,10169,,make a difference,차이를 만들다 / 달라지게 하다,패턴형,가능,makes … difference,,,3,,,,
10170,10170,,rely on ______,~에 의존하다,패턴형,가능,rely on,,,3,,,,
10171,10171,,look forward to ______ -ing,~하는 게 기대돼,패턴형,가능,look forward to,,,3,,,,
10172,10172,,the same ______ as ______,~와 같은 ~,패턴형,가능,same … as,,,6,,,5 분리 틀(고정어 사이에 빈칸),
10173,10173,,ever since ______,~한 뒤로 줄곧,패턴형,가능,Ever since,,,3,,,,
10174,10174,,no matter ______,~이든 상관없이,패턴형,가능,No matter,,,3,,,,
10175,10175,,up to ______,최대 ~까지,패턴형,가능,up to,,,3,,,,
10176,10176,,fit in,(무리에) 어울리다,패턴형,가능,fit in,,,3,,,,
10177,10177,,______ is the same as ______,~와 똑같아,패턴형,가능,same as,,,6,,,,
10178,10178,,figure ______ out,~을 알아내다,패턴형,가능,figure out,,,3,,,,
10179,10179,,the same ______,같은 ~,패턴형,가능,same,,,6,,,,
10180-A,10180,분리,a few ______,몇 개의 ~,대비형 → 분리,가능,few,,고정어가 기능어 하나뿐 — 공통 패턴 찾기로는 약하다,3,,,,
10180-B,10180,분리,a little ______,조금의 ~,대비형 → 분리,가능,little,,고정어가 기능어 하나뿐 — 공통 패턴 찾기로는 약하다,3,,,,
10181,10181,,get out (of ______),나가다,패턴형,가능,get out,,,3,,,,
10182,10182,,every time + 주어 + 동사,~할 때마다,패턴형,가능,Every time,,,3,,,,
10183,10183,,get along (with ______),~와 잘 지내다,패턴형,가능,get along,,,3,,,,
10184,10184,,주어 + be동사 + ______ -ing + 내일 / 주말,~할 거야,변화형,불가,,형태 규칙 — 같은 규칙으로 낱말마다 끝 모양을 바꾼다(공통된 말이 없다),,6,,Y,,
10185,10185,,go through ______,~을 겪다,패턴형,가능,going through,,,3,,,,
10186-A,10186,분리,few ______,~가 거의 없어 (셀 수 있는 것),대비형 → 분리,가능,few,,고정어가 기능어 하나뿐 — 공통 패턴 찾기로는 약하다,2,,,1 한 단어 패턴,
10186-B,10186,분리,little ______,~가 거의 없어 (셀 수 없는 것),대비형 → 분리,가능,little,,고정어가 기능어 하나뿐 — 공통 패턴 찾기로는 약하다,4,,,1 한 단어 패턴,
10187,10187,,keep ______ in mind,~을 염두에 두다,패턴형,가능,keep … in mind,,,3,,,,
10188,10188,,get ready (for ______),~을 준비하다,패턴형,가능,getting ready for,,,3,,,,
10189,10189,,Will / Would you ______ ?,~해 줄래?,대비형,불가,,뉘앙스 차이 — 갈래의 뜻이 거의 같아 설명(회색 2행)으로 다룬다,,6,뉘앙스 차이 — 갈래의 뜻이 거의 같아 설명(회색 2행)으로 다룬다,,,
10190,10190,,do well on ______,~을 잘 보다,패턴형,가능,did … well on,,,3,,,,
10191,10191,,come by,잠깐 들르다,패턴형,가능,Come by,,,3,,,,
10192,10192,,a number of ______,여러 개의 ~,패턴형,가능,number of,,,3,,,,
10193,10193,,Such is / was ______ .,그게 바로 ~야,패턴형,가능,Such,,,6,,,,
10194,10194,,______ are the same,~는 똑같아,패턴형,가능,same,,,6,,,,
10195,10195,,stay / keep + ______ (형용사),계속 ~한 상태로 있다,대비형,불가,,열린 목록 — 같은 자리에 같은 부류 낱말(부사·동사·대명사)이 갈아 끼워진다,,6,열린 목록 — 같은 자리에 같은 부류 낱말(부사·동사·대명사)이 갈아 끼워진다,,1 한 단어 패턴,
10196,10196,,become / get / turn + ______,~가 되다 / ~해지다,대비형,불가,,열린 목록 — 같은 자리에 같은 부류 낱말(부사·동사·대명사)이 갈아 끼워진다,,6,열린 목록 — 같은 자리에 같은 부류 낱말(부사·동사·대명사)이 갈아 끼워진다,,1 한 단어 패턴,
10197,10197,,throw ______ away,~을 버리다,패턴형,가능,threw away,,,3,,,,
10198,10198,,more than ______,단순한 ~ 이상이야,패턴형,가능,more than,,,3,,,,
10199,10199,,"______ , isn’t it? / are you? / aren’t they?","~지, 그렇지?",패턴형,가능,That's … isn't,,,6,,,,
10200,10200,,get off work,퇴근하다,패턴형,가능,get off work,,,3,,,,
10201,10201,,in the middle of ______,~ 한가운데,패턴형,가능,in … middle of,,,3,,,,
10202,10202,,"______ , such as ______",~ 같은,패턴형,가능,such as,,,6,,,,
10203,10203,,give ______ a try,~을 한번 해보다,패턴형,가능,Give … try,,,3,,,,
10204,10204,,______ is getting to me,~ 때문에 힘들어,패턴형,가능,is getting to,,,3,,,,
10205,10205,,look at ______,~을 살펴보다,패턴형,가능,look at,,,3,,,,
10206,10206,,I think / believe / know / hope (that) + ______ .,~라고 생각해 / ~인 것 같아,대비형,불가,,열린 목록 — 같은 자리에 같은 부류 낱말(부사·동사·대명사)이 갈아 끼워진다,,6,열린 목록 — 같은 자리에 같은 부류 낱말(부사·동사·대명사)이 갈아 끼워진다,Y,,
10207,10207,,can't wait to ______,빨리 ~하고 싶다,패턴형,가능,can't wait to,,,3,,,,
10208,10208,,have to do with ______,~와 관련이 있다,패턴형,가능,has to do with,,,3,,,,
10209,10209,,"______ , doesn’t he? / did you? / don’t I?","~지, 그렇지?",패턴형,가능,doesn't,,,6,,,,
10210,10210,,see ______ as ______,~을 ~로 여기다,패턴형,가능,see … as,,,3,,,,
10211,10211,,except for ______,~만 빼고,패턴형,가능,except for,,,3,,,,
10212,10212,,"______ , won’t you? / can’t he? / couldn’t you?","~지, 그렇지?",대비형,가능,won't,,고정어가 기능어 하나뿐 — 공통 패턴 찾기로는 약하다,6,주어에 맞춰 정해진다 — 고르는 결정이 아니다,,,
10213,10213,,turn on ______,~을 켜다,패턴형,가능,turn on,,,3,,,,
10214,10214,,make a choice,선택하다,패턴형,가능,Make … choice,,,3,,,,
10215,10215,,주어 + be동사 + to ______ .,~하는 거야,패턴형,가능,is to,,,6,,Y,,
10216,10216,,do a ______ job,~하게 해내다,패턴형,가능,did … job,,,3,,,,
10217,10217,,work on ______,~을 작업 중이다,패턴형,가능,working on,,,3,,,,
10218,10218,,"If + 주어 + 현재형 , 주어 + will ______",~하면 ~할게,패턴형,가능,If,,고정어가 기능어 하나뿐 — 공통 패턴 찾기로는 약하다,6,,,2 관계사·접속사(뒤에 절),
10219,10219,,run into ______,~을 우연히 마주치다,패턴형,가능,ran into,,,3,,,,
10220,10220,,go through ______,~을 훑어보다,패턴형,가능,go through,,,3,,,,
10221,10221,,come in,들어오다 / 출근하다,패턴형,가능,come in,,,3,,,,
10222,10222,,have a(n) ______ impact on ______,~에 ~한 영향을 주다,패턴형,가능,has … impact on,,,3,,,,
10223,10223,,"Let's ______ , shall we ?",~할까?,패턴형,가능,Let's … shall we,,,6,,,,
10224,10224,,refer to ______,~을 가리키다,패턴형,가능,referring to,,,3,,,,
10225,10225,,look ______ up,~을 찾아보다,패턴형,가능,look … up,,,3,,,,
10226,10226,,pick ______ up,~을 집다 / 챙기다,패턴형,가능,pick up,,,3,,,,
10227,10227,,go away,사라지다,패턴형,가능,goes away,,,3,,,,
10228,10228,,주어 + want / need / hope / plan + to ______ .,~하고 싶어 / ~해야 해,패턴형,가능,to,,고정어가 기능어 하나뿐 — 공통 패턴 찾기로는 약하다,6,,Y,,
10229,10229,,look forward to ______,~이 기대돼,패턴형,가능,looking forward to,,,3,,,,
10230,10230,,Why would I ______ ?,내가 뭐하러 ~하겠어?,패턴형,가능,Why would,,,3,,,,
10231,10231,,______ enough to ______,~할 만큼 ~해,패턴형,가능,enough to,,,6,,,,
10232,10232,,provide ______ with ______,~에게 ~을 제공하다,패턴형,가능,provide … with,,,3,,,,
10233,10233,,a bunch of ______,~ 한 무더기,패턴형,가능,bunch of,,,3,,,,
10234,10234,,help ______ out,~을 도와주다,패턴형,가능,helping out,,,3,,,,
10235,10235,,other than ______,~ 말고는,패턴형,가능,other than,,,3,,,,
10236,10236,,fall asleep,잠들다,패턴형,가능,fall asleep,,,3,,,,
10237,10237,,as much as ______,~만큼,패턴형,가능,as much,,,3,,,,
10238,10238,,late for ______,~에 늦다,패턴형,가능,late for,,,3,,,,
10239,10239,,"______ , will you ?",~해 줄래?,패턴형,가능,will you,,,6,,,,
10240,10240,,in terms of ______,~ 면에서는,패턴형,가능,in terms of,,,3,,,,
10241,10241,,promise / decide + never to ______,절대 ~하지 않기로 하다,패턴형,가능,never to,,,6,,Y,,
10242,10242,,have ______ in common,공통점이 ~ 있다,패턴형,가능,have … in common,,,3,,,,
10243,10243,,It's ______ to ______ .,~하기 ~해,패턴형,가능,be … to,,,6,,Y,,
10244,10244,,nothing but ______,~밖에 없어 / ~일 뿐이야,패턴형,가능,nothing but,,,3,,,,
10245,10245,,both (of) ______,둘 다,패턴형,가능,both,,고정어가 기능어 하나뿐 — 공통 패턴 찾기로는 약하다,6,,,1 한 단어 패턴,
10246,10246,,both of ______,그 둘 다,패턴형,가능,Both of,,,3,,,,
10247,10247,,주어 + 동사 + to ______ .,~하려고 ~해,패턴형,가능,to,,고정어가 기능어 하나뿐 — 공통 패턴 찾기로는 약하다,6,,,,
10248,10248,,take part (in ______),~에 참가하다,패턴형,가능,taking part in,,,3,,,,
10249,10249,,come to ______,~하게 되다,패턴형,가능,come to,,,3,,,,
10250,10250,,go ______ -ing,~하러 가다,패턴형,가능,go,,,3,,,,
10251,10251,,too ______ to ______,너무 ~해서 ~ 못 해,패턴형,가능,too … to,,,6,,,5 분리 틀(고정어 사이에 빈칸),
10252,10252,,hang out (with ______),~와 어울려 놀다,패턴형,가능,hang out,,,3,,,,
10253,10253,,tell / promise / decide + not to ______,~하지 말라고 하다,패턴형,가능,not to,,,6,,,,
10254,10254,,의문사 + to ______,~할지,패턴형,가능,to,,고정어가 기능어 하나뿐 — 공통 패턴 찾기로는 약하다,6,,,2 관계사·접속사(뒤에 절),
10255,10255,,find myself / ourselves + ______,나도 모르게 ~하더라,패턴형,가능,found,,,3,,,,
10256,10256,,as ______ as 주어 can,최대한 ~하게,패턴형,가능,as … can,,,3,,,,
10257,10257,,take action,조치를 취하다,패턴형,가능,take … action,,,3,,,,
10258,10258,,go to school,학교에 다니다,패턴형,가능,go to school,,,3,,,,
10259,10259,,when it comes to ______,~에 관해서는,패턴형,가능,when it comes to,,,3,,,,
10260,10260,,To ______ is ______ .,~하는 건 ~해,패턴형,가능,To … is,,,6,,,5 분리 틀(고정어 사이에 빈칸),
10261,10261,,Make sure ______ .,꼭 ~해 / ~인지 확인해,패턴형,가능,Make sure,,,3,,,,
10262,10262,,a bit of ______,약간의 ~,패턴형,가능,bit of,,,3,,,,
10263,10263,,believe in ______,~의 존재를 믿다,패턴형,가능,believe in,,,3,,,,
10264,10264,,주어 + be동사 + 감정형용사 + to ______ .,~해서 ~했어,패턴형,가능,was … to,,,6,,,,
10265,10265,,believe in ______,~을 신뢰하다,패턴형,가능,believe in,,,3,,,,
10266,10266,,Which ______ ?,어느 ~야?,패턴형,가능,Which,,고정어가 기능어 하나뿐 — 공통 패턴 찾기로는 약하다,6,,,5 분리 틀(고정어 사이에 빈칸),
10267,10267,,take time,시간이 걸리다,패턴형,가능,takes time,,,3,,,,
10268,10268,,because of ______,~ 때문에,패턴형,가능,because of,,,6,,,,
10269,10269,,주어 + be동사 + 형용사 + to ______ .,~해서 ~하네,패턴형,가능,be … to,,,6,,Y,,
10270,10270,,______er than ______,~보다 더 ~해,변화형,불가,,형태 규칙 — 같은 규칙으로 낱말마다 끝 모양을 바꾼다(공통된 말이 없다),,6,,,3 형태 변화만으로 된 패턴,
10271,10271,,"Which is ______er, A or B ?",A랑 B 중에 뭐가 더 ~해?,패턴형,가능,Which is … or,,,6,,,,
10272,10272,,major in ______,~을 전공하다,패턴형,가능,majored in,,,3,,,,
10273,10273,,compared to ______,~에 비하면,패턴형,가능,Compared to,,,3,,,,
10274,10274,,Let me know ______ .,~ 알려줘,패턴형,가능,Let … know,,,3,,,,
10275,10275,,sign up (for ______),~에 등록하다,패턴형,가능,sign up,,,3,,,,
10276,10276,,주어 + be동사 + to ______ .,~해야 한다 / ~할 예정이다,패턴형,가능,are to,,,6,,,,
10277,10277,,grow up to be ______,자라서 ~가 되다,패턴형,가능,to,,고정어가 기능어 하나뿐 — 공통 패턴 찾기로는 약하다,6,,,,
10278,10278,,주어 + want / need + 사람 + to ______ .,~가 ~해 주면 좋겠어,패턴형,가능,to,,고정어가 기능어 하나뿐 — 공통 패턴 찾기로는 약하다,6,,,,
10279,10279,,depending on ______,~에 따라,패턴형,가능,depending on,,,3,,,,
10280,10280,,take up ______,~을 차지하다,패턴형,가능,takes up,,,3,,,,
10281,10281,,one of the ______est + 복수명사,가장 ~한 것들 중 하나,변화형,불가,,형태 규칙 — 같은 규칙으로 낱말마다 끝 모양을 바꾼다(공통된 말이 없다),,6,,,,
10282,10282,,명사 + to ______,~할 ~,패턴형,가능,to,,고정어가 기능어 하나뿐 — 공통 패턴 찾기로는 약하다,6,,,1 한 단어 패턴,
10283,10283,,think of ______,~이 떠오르다 / 생각해 내다,패턴형,가능,think of,,,3,,,,
10284,10284,,more ______ than ______,~보다 더 ~해,패턴형,가능,more … than,,,6,,,5 분리 틀(고정어 사이에 빈칸),
10285,10285,,______ because ______,~해서 ~해,패턴형,가능,because,,고정어가 기능어 하나뿐 — 공통 패턴 찾기로는 약하다,6,,,2 관계사·접속사(뒤에 절),
10286,10286,,get on ______,~에 타다,패턴형,가능,get on,,,3,,,,
10287,10287,,have a good time,즐겁게 보내다,패턴형,가능,Have … good time,,,3,,,,
10288,10288,,the most ______,가장 ~한,패턴형,가능,most,,고정어가 기능어 하나뿐 — 공통 패턴 찾기로는 약하다,6,,,,
10289,10289,,fall in love (with ______),~에 반하다,패턴형,가능,fell in love with,,,3,,,,
10290,10290,,take ______ off,(며칠을) 쉬다,패턴형,가능,took … off,,,3,,,,
10291,10291,,come to mind,떠오르다,패턴형,가능,comes to mind,,,3,,,,
10292,10292,,How do you like ______ ?,~는 어때? / 마음에 들어?,패턴형,가능,How … like,,,3,,,,
10293,10293,,take a walk,산책하다,패턴형,가능,take … walk,,,3,,,,
10294,10294,,get to know ______,~을 알아가다,패턴형,가능,getting to know,,,3,,,,
10295,10295,,make a mistake,실수하다,패턴형,가능,made … mistake,,,3,,,,
10296,10296,,______er than ______,~보다 더 ~해,변화형,불가,,형태 규칙 — 같은 규칙으로 낱말마다 끝 모양을 바꾼다(공통된 말이 없다),,6,,,3 형태 변화만으로 된 패턴,
10297,10297,,stay up,안 자고 깨어 있다,패턴형,가능,stayed up,,,3,,,,
10298,10298,,some kind of ______,일종의 ~ / 무슨 ~,패턴형,가능,some kind of,,,3,,,,
10299,10299,,the ______est,가장 ~한,변화형,불가,,형태 규칙 — 같은 규칙으로 낱말마다 끝 모양을 바꾼다(공통된 말이 없다),,6,,,3 형태 변화만으로 된 패턴,
10300,10300,,see / hear + 목적어 + ______ -ing,~가 ~하는 걸 보다 / 듣다,구조형,불가,,어순 규칙 — 고정된 말 없이 덩어리 순서만 같다,,6,,,,
10301,10301,,leave ______ alone,~을 내버려 두다,패턴형,가능,leave … alone,,,3,,,,
10302,10302,,on top of ______,~ 위에,패턴형,가능,on top of,,,3,,,,
10303,10303,,get back,돌아오다,패턴형,가능,got back,,,3,,,,
10304,10304,,be made from / of ______,~로 만들어지다,패턴형,가능,is made from,,,3,,,,
10305,10305,,get started,시작하다,패턴형,가능,get started,,,3,,,,
10306,10306,,meet with ______,~와 만나기로 하다,패턴형,가능,meeting with,,,3,,,,
10307,10307,,what ______ have to say,~가 할 말,패턴형,가능,what … has to say,,,3,,,,
10308,10308,,It's up to ______ .,~가 정할 일이야,패턴형,가능,be up to,,,3,,,,
10309,10309,,What do you do with ______ ?,~는 어떻게 해?,패턴형,가능,What do … with,,,3,,,,
10310,10310,,______er and ______er,점점 더 ~해져,변화형,불가,,형태 규칙 — 같은 규칙으로 낱말마다 끝 모양을 바꾼다(공통된 말이 없다),,6,,,3 형태 변화만으로 된 패턴,
10311,10311,,might want to ______,~하는 게 좋을 거야,패턴형,가능,might want to,,,3,,,,
10312-A,10312,분리,______(과거분사) + 명사,~된 ~,대비형 → 분리,불가,,형태 규칙 — 현재분사(-ing)·과거분사 꼴만 같고 들어가는 낱말은 매번 다르다,,3,,,3 형태 변화만으로 된 패턴,
10312-B,10312,분리,______(현재분사) + 명사,~하는 ~,대비형 → 분리,불가,,형태 규칙 — 현재분사(-ing)·과거분사 꼴만 같고 들어가는 낱말은 매번 다르다,,3,,,3 형태 변화만으로 된 패턴,
10313-A,10313,분리,사물 + be동사 + ______ -ing,~가 흥미로워 (감정을 일으켜),대비형 → 분리,가능,was,,고정어가 기능어 하나뿐 — 공통 패턴 찾기로는 약하다,3,,,3 형태 변화만으로 된 패턴,
10313-B,10313,분리,사람 + be동사 + ______ -ed,~가 흥미를 느껴 (내가 느껴),대비형 → 분리,가능,be,,고정어가 기능어 하나뿐 — 공통 패턴 찾기로는 약하다,3,,,3 형태 변화만으로 된 패턴,
10314,10314,,be + 과거분사 + by ______,~에 의해 ~되다,변화형,불가,,형태 규칙 — 같은 규칙으로 낱말마다 끝 모양을 바꾼다(공통된 말이 없다),,6,,Y,,
10315,10315,,주어 + 조동사 + be + ______(과거분사),~될 수 있어 / ~해야 해,변화형,불가,,형태 규칙 — 같은 규칙으로 낱말마다 끝 모양을 바꾼다(공통된 말이 없다),,6,,,,
10316,10316,,Was / Were + 주어 + ______(과거분사) ?,~됐어?,변화형,불가,,형태 규칙 — 같은 규칙으로 낱말마다 끝 모양을 바꾼다(공통된 말이 없다),,6,,,,
10317,10317,,주어 + was / were + ______(과거분사) .,~됐어,변화형,불가,,형태 규칙 — 같은 규칙으로 낱말마다 끝 모양을 바꾼다(공통된 말이 없다),,6,,,,
10318,10318,,주어 + isn't / wasn't + ______(과거분사) .,~되지 않아 / 않았어,변화형,불가,,형태 규칙 — 같은 규칙으로 낱말마다 끝 모양을 바꾼다(공통된 말이 없다),,6,,,,
10319,10319,,I'd say ______,~인 것 같아,패턴형,가능,I'd say,,,3,,Y,,
10320,10320,,What's with ______ ?,~는 왜 그래? / 웬 ~야?,패턴형,가능,What's with,,,3,,,,
10321,10321,,주어 + be동사 + ______(과거분사),~당했어 / ~됐어,변화형,불가,,형태 규칙 — 같은 규칙으로 낱말마다 끝 모양을 바꾼다(공통된 말이 없다),,6,,,,
10322,10322,,주어 + was given / offered + ______,~을 받았어,패턴형,가능,was,,고정어가 기능어 하나뿐 — 공통 패턴 찾기로는 약하다,6,,,,
10323,10323,,every ______(서수) + 명사,~번째마다,변화형,불가,,형태 규칙 — 같은 규칙으로 낱말마다 끝 모양을 바꾼다(공통된 말이 없다),,6,,,4 숫자·단위·날짜,
10324,10324,,Don't you think ______ ?,~하지 않아?,패턴형,가능,Don't … think,,,3,,,,
10325,10325,,be being + ______(과거분사),~되고 있는 중이야,변화형,불가,,형태 규칙 — 같은 규칙으로 낱말마다 끝 모양을 바꾼다(공통된 말이 없다),,6,,,,
10326,10326,,if you want / have / need to,원하면 / 필요하면,패턴형,가능,if … to,,,6,,,,
10327,10327,,every ______ + 시간 단위,~마다,패턴형,가능,every,,고정어가 기능어 하나뿐 — 공통 패턴 찾기로는 약하다,6,,,4 숫자·단위·날짜,
10328,10328,,turn on / pick up / drop off + ______   (= turn ______ on),~을 켜다 / 데리러 가다 / 내려주다,자리형,불가,,자리 규칙 — 부사·대명사가 들어가는 위치만 같다(들어가는 낱말은 매번 다르다),,6,,,,
10329,10329,,It's ______ to ______ .,~하는 건 ~해,패턴형,가능,be … to,,,6,,Y,,
10330,10330,,It’s + [월] + [서수] .,~월 ~일이야,변화형,불가,,형태 규칙 — 같은 규칙으로 낱말마다 끝 모양을 바꾼다(공통된 말이 없다),,6,,Y,4 숫자·단위·날짜,
10331,10331,,It's ______ for ______ to ______ .,~가 ~하는 건 ~해,패턴형,가능,be … for … to,,,6,,Y,5 분리 틀(고정어 사이에 빈칸),
10332,10332,,will be + ______(과거분사),~될 거야,변화형,불가,,형태 규칙 — 같은 규칙으로 낱말마다 끝 모양을 바꾼다(공통된 말이 없다),,6,,,,
10333,10333,,It's ______ of you to ______ .,~해 주다니 ~하다,패턴형,가능,be … of … to,,,6,,,,
10334,10334,,Would you like some ______ ?,~ 좀 드실래요?,패턴형,가능,some,,고정어가 기능어 하나뿐 — 공통 패턴 찾기로는 약하다,6,,,,
10335-A,10335,분리,Would you like ______ ?,~ 드릴까요?,패턴형 → 분리,가능,Would … like,,,3,,,,
10335-B,10335,분리,I'd like ______ .,~ 주세요,패턴형 → 분리,가능,I'd like,,,3,,Y,,
10336,10336,,find it ______ to ______,~하는 게 ~하게 느껴져,패턴형,가능,find it … to,,,6,,,5 분리 틀(고정어 사이에 빈칸),
10337-A,10337,분리,Would you like to ______ ?,~하시겠어요?,패턴형 → 분리,가능,Would … like to,,,3,,,,
10337-B,10337,분리,I'd like to ______ .,~하고 싶어요,패턴형 → 분리,가능,I'd like to,,,3,,Y,,
10338,10338,,another,하나 더,패턴형,가능,another,,고정어가 기능어 하나뿐 — 공통 패턴 찾기로는 약하다,6,,,,
10339,10339,,"One is ______ , the other is ______ .","하나는 ~, 다른 하나는 ~",패턴형,가능,One … other,,,6,,,5 분리 틀(고정어 사이에 빈칸),
10340,10340,,Some ______ . Others ______ .,"어떤 건 ~, 다른 건 ~",패턴형,가능,Some … Others,,,6,,,5 분리 틀(고정어 사이에 빈칸),
10341-A,10341,분리,another ______,또 하나의 ~,대비형 → 분리,가능,another,,고정어가 기능어 하나뿐 — 공통 패턴 찾기로는 약하다,3,,,1 한 단어 패턴,
10341-B,10341,분리,other ______s,다른 ~들,대비형 → 분리,가능,other,,고정어가 기능어 하나뿐 — 공통 패턴 찾기로는 약하다,3,,,1 한 단어 패턴,
10342,10342,,pay attention,집중하다,패턴형,가능,Pay attention,,,3,,,,
10343,10343,,How come ______ ?,왜 ~해?,패턴형,가능,How come,,,3,,,,
10344,10344,,[숫자]-[단위] + ______  (four-leaf / five-minute / three-hour),~짜리 ~,변화형,불가,,형태 규칙 — 같은 규칙으로 낱말마다 끝 모양을 바꾼다(공통된 말이 없다),,6,,,4 숫자·단위·날짜,
10345,10345,,"Some ______ , the others ______ .","몇몇은 ~, 나머지는 ~",패턴형,가능,Some … others,,,6,,,5 분리 틀(고정어 사이에 빈칸),
10346,10346,,let / make / have + 목적어 + ______(동사원형),~가 ~하게 하다,구조형,불가,,어순 규칙 — 고정된 말 없이 덩어리 순서만 같다,,6,,,,
10347,10347,,see / hear / feel / watch + 목적어 + ______ .,~가 ~하는 걸 보다 / 듣다 / 느끼다,구조형,불가,,어순 규칙 — 고정된 말 없이 덩어리 순서만 같다,,6,,,,
10348,10348,,주어 + be동사 + ______(과거분사) .,~되다 / ~당하다,변화형,불가,,형태 규칙 — 같은 규칙으로 낱말마다 끝 모양을 바꾼다(공통된 말이 없다),,6,,,,
10349-A,10349,분리,"명령문 , or ______","~해, 안 그러면 ~",대비형 → 분리,가능,or you'll,,,3,,,,
10349-B,10349,분리,"명령문 , and ______",~하면 ~할 거야,대비형 → 분리,가능,and you'll,,,3,,,,
10350,10350,,have / get + 목적어 + ______(과거분사),~을 ~되게 하다,구조형,불가,,어순 규칙 — 고정된 말 없이 덩어리 순서만 같다,,6,,,,
10351,10351,,stop / enjoy / finish + ______ -ing,~하는 걸 그만두다 / 즐기다,변화형,불가,,형태 규칙 — 같은 규칙으로 낱말마다 끝 모양을 바꾼다(공통된 말이 없다),,6,,,3 형태 변화만으로 된 패턴,
10352,10352,,주어 + be동사 + ______ -ing .,~하는 거야,변화형,불가,,형태 규칙 — 같은 규칙으로 낱말마다 끝 모양을 바꾼다(공통된 말이 없다),,6,,,,
10353,10353,,a ______ of mine / yours,내 / 네 ~ 중 한 명,대비형,가능,of,,고정어가 기능어 하나뿐 — 공통 패턴 찾기로는 약하다,6,주어에 맞춰 정해진다 — 고르는 결정이 아니다,,,
10354,10354,,Why don't we ______ ?,우리 ~할까?,패턴형,가능,Why don't,,,3,,,,
10355-A,10355,분리,There is no ______ .,~가 전혀 없어,패턴형 → 분리,가능,There are no,,,3,,,,
10355-B,10355,분리,주어 + have no ______,(가진) ~가 전혀 없어,패턴형 → 분리,가능,have no,,,3,,Y,,
10356,10356,,go ______ -ing,~하러 가다,변화형,불가,,형태 규칙 — 같은 규칙으로 낱말마다 끝 모양을 바꾼다(공통된 말이 없다),,6,,,,
10357,10357,,How / What about ______ -ing ?,~하는 건 어때?,패턴형,가능,about,,고정어가 기능어 하나뿐 — 공통 패턴 찾기로는 약하다,6,,,,
10358,10358,,be busy ______ -ing,~하느라 바빠,변화형,불가,,형태 규칙 — 같은 규칙으로 낱말마다 끝 모양을 바꾼다(공통된 말이 없다),,6,,Y,,
10359,10359,,spend + 시간 / 돈 + ______ -ing,~하는 데 ~을 쓰다,변화형,불가,,형태 규칙 — 같은 규칙으로 낱말마다 끝 모양을 바꾼다(공통된 말이 없다),,6,,,,
10360,10360,,What if ______ ?,~하면 어쩌지?,패턴형,가능,What if,,,3,,,,
10361,10361,,The ______ is that ______ .,~인 건 ~라는 거야,패턴형,가능,is that,,,6,,,2 관계사·접속사(뒤에 절),
10362,10362,,전치사 + ______ -ing,~하는 것에 대해,변화형,불가,,형태 규칙 — 같은 규칙으로 낱말마다 끝 모양을 바꾼다(공통된 말이 없다),,6,,,,
10363,10363,,______ needs ______ -ing,~을 ~해야 해,변화형,불가,,형태 규칙 — 같은 규칙으로 낱말마다 끝 모양을 바꾼다(공통된 말이 없다),,6,,,3 형태 변화만으로 된 패턴,
10364,10364,,______ -ing + 동사,~하는 건 ~해,변화형,불가,,형태 규칙 — 같은 규칙으로 낱말마다 끝 모양을 바꾼다(공통된 말이 없다),,6,,,3 형태 변화만으로 된 패턴,
10365,10365,,something / nothing / someone / somewhere + ______,~한 무언가 / ~한 사람,자리형,불가,,자리 규칙 — 부사·대명사가 들어가는 위치만 같다(들어가는 낱말은 매번 다르다),,6,,,1 한 단어 패턴,
10366,10366,,keep / stop + 사람 + from ______ -ing,~가 ~하지 못하게 하다,변화형,불가,,형태 규칙 — 같은 규칙으로 낱말마다 끝 모양을 바꾼다(공통된 말이 없다),,6,,,,
10367,10367,,less ______ than ______,~보다 덜 ~해,패턴형,가능,less … than,,,6,,,5 분리 틀(고정어 사이에 빈칸),
10368,10368,,would love to ______,꼭 ~하고 싶어,패턴형,가능,We'd love to,,,3,,Y,,
10369-A,10369,분리,stop ______ -ing,~하던 걸 멈추다,대비형 → 분리,가능,stopped,,,1,,,3 형태 변화만으로 된 패턴,
10369-B,10369,분리,stop to ______,~하려고 멈추다,대비형 → 분리,가능,stopped to,,,1,,,3 형태 변화만으로 된 패턴,
10369-C,10369,분리,regret ______ -ing,~한 걸 후회하다,대비형 → 분리,가능,regret,,,1,,,3 형태 변화만으로 된 패턴,
10369-D,10369,분리,remember to ______,~할 걸 기억하다,대비형 → 분리,가능,Remember to,,,1,,,3 형태 변화만으로 된 패턴,
10369-E,10369,분리,remember ______ -ing,~한 걸 기억하다,대비형 → 분리,가능,remember,,,1,,,3 형태 변화만으로 된 패턴,
10369-F,10369,분리,forget ______ -ing,~한 걸 잊다,대비형 → 분리,가능,forget,,,1,,,3 형태 변화만으로 된 패턴,
10370,10370,,It's ______ + ______ -ing .,~하는 건 ~해,패턴형,가능,be,,,6,,Y,,
10371,10371,,There's no use ______ -ing,~해봐야 소용없어,패턴형,가능,There's no use,,,6,,,,
10372,10372,,much / a lot + ______er than ______,~보다 훨씬 ~해,변화형,불가,,형태 규칙 — 같은 규칙으로 낱말마다 끝 모양을 바꾼다(공통된 말이 없다),,6,,,3 형태 변화만으로 된 패턴,
10373,10373,,What makes ______ ?,왜 ~해?,패턴형,가능,What makes,,,3,,,,
10374,10374,,"The ______er , the ______er",~할수록 더 ~해,변화형,불가,,형태 규칙 — 같은 규칙으로 낱말마다 끝 모양을 바꾼다(공통된 말이 없다),,6,,,5 분리 틀(고정어 사이에 빈칸),
10375,10375,,have difficulty / trouble / a hard time + ______ -ing,~하는 게 힘들어,패턴형,가능,had,,고정어가 기능어 하나뿐 — 공통 패턴 찾기로는 약하다,6,,Y,,
10376-A,10376,분리,"______ -ing , 주어 + 동사 .",~하면서 ~해,대비형 → 분리,불가,,형태 규칙 — 현재분사(-ing)·과거분사 꼴만 같고 들어가는 낱말은 매번 다르다,,3,,,3 형태 변화만으로 된 패턴,
10376-B,10376,분리,"______(과거분사) , 주어 + 동사 .",~돼서 ~해,대비형 → 분리,불가,,형태 규칙 — 현재분사(-ing)·과거분사 꼴만 같고 들어가는 낱말은 매번 다르다,,3,,,3 형태 변화만으로 된 패턴,
10377,10377,,can't help ______ -ing,자꾸 ~하게 돼,패턴형,가능,can't help,,,6,,,,
10378-A,10378,분리,with + 명사 + ______ -ing,~가 ~하는 채로,대비형 → 분리,가능,with,,고정어가 기능어 하나뿐 — 공통 패턴 찾기로는 약하다,4,,,,
10378-B,10378,분리,with + 명사 + ______(과거분사),~가 ~된 채로,대비형 → 분리,가능,with,,고정어가 기능어 하나뿐 — 공통 패턴 찾기로는 약하다,2,,,,
10379,10379,,"Frankly / Generally / Strictly speaking, ______",솔직히 / 일반적으로 말하면 ~,패턴형,불가,,열린 목록 — 같은 자리에 다른 낱말이 들어가 고정된 말이 없다,,6,,,,
10380,10380,,as ______ as ______,~만큼 ~해,패턴형,가능,as,,고정어가 기능어 하나뿐 — 공통 패턴 찾기로는 약하다,6,,,5 분리 틀(고정어 사이에 빈칸),
10381,10381,,Why not ______ ?,~하는 게 어때?,패턴형,가능,Why not,,,3,,,,
10382,10382,,not as ______ as ______,~만큼 ~하지는 않아,패턴형,가능,isn't as,,,6,,,5 분리 틀(고정어 사이에 빈칸),
10383,10383,,when / while / before / until / since + 주어 + ______,~할 때 / ~하는 동안 / ~하기 전에,대비형,불가,,열린 목록 — 같은 자리에 접속사·관계사가 갈아 끼워진다,,6,열린 목록 — 같은 자리에 접속사·관계사가 갈아 끼워진다,,2 관계사·접속사(뒤에 절),
10384,10384,,as soon as ______,~하자마자,패턴형,가능,as soon,,,6,,,,
10385,10385,,명사 + that + 동사,~하는 ~,패턴형,가능,that,,고정어가 기능어 하나뿐 — 공통 패턴 찾기로는 약하다,6,,,2 관계사·접속사(뒤에 절),
10386,10386,,What do you say ______ ?,~하는 거 어때?,패턴형,가능,What do you say,,,3,,,,
10387,10387,,명사(사물) + which + 동사,~하는 ~,패턴형,가능,which,,고정어가 기능어 하나뿐 — 공통 패턴 찾기로는 약하다,6,,,2 관계사·접속사(뒤에 절),
10388,10388,,명사(사람) + who + 동사,~하는 ~,패턴형,가능,who,,고정어가 기능어 하나뿐 — 공통 패턴 찾기로는 약하다,6,,,2 관계사·접속사(뒤에 절),
10389,10389,,명사 + whose + 명사,~의 ~가 ~인 그 사람,패턴형,가능,whose,,고정어가 기능어 하나뿐 — 공통 패턴 찾기로는 약하다,6,,,2 관계사·접속사(뒤에 절),
10390,10390,,the 명사 + that + 주어 + 동사,내가 ~한 그 ~,패턴형,가능,that,,고정어가 기능어 하나뿐 — 공통 패턴 찾기로는 약하다,6,,,2 관계사·접속사(뒤에 절),선행사 the ~ 와 관계사가 떨어짐
10391,10391,,the place / moment / time + where / when + 주어 + ______,~하는 곳 / ~한 때,대비형,불가,,열린 목록 — 같은 자리에 접속사·관계사가 갈아 끼워진다,,6,열린 목록 — 같은 자리에 접속사·관계사가 갈아 끼워진다,,2 관계사·접속사(뒤에 절),
10392,10392,,the 명사 + who(m) + 주어 + 동사,내가 ~한 그 사람,패턴형,가능,who,,고정어가 기능어 하나뿐 — 공통 패턴 찾기로는 약하다,6,,,2 관계사·접속사(뒤에 절),선행사 the ~ 와 관계사가 떨어짐
10393,10393,,the 명사 + which + 주어 + 동사,~가 ~한 그 ~,패턴형,가능,which,,고정어가 기능어 하나뿐 — 공통 패턴 찾기로는 약하다,6,,,2 관계사·접속사(뒤에 절),선행사 the ~ 와 관계사가 떨어짐
10394,10394,,There's nothing ______er than ______,~보다 ~한 건 없어,패턴형,가능,There's nothing … more than,,,6,,,,
10395,10395,,the reason / place / way + 주어 + 동사,~한 이유 / 곳 / 방식,구조형,불가,,어순 규칙 — 고정된 말 없이 덩어리 순서만 같다,,6,,,2 관계사·접속사(뒤에 절),
10396,10396,,Whoever / Whatever + 동사,누구든 / 무엇이든 ~하는,대비형,불가,,열린 목록 — 같은 자리에 접속사·관계사가 갈아 끼워진다,,6,열린 목록 — 같은 자리에 접속사·관계사가 갈아 끼워진다,,2 관계사·접속사(뒤에 절),
10397,10397,,This is where / why / how / when + 주어 + ______ .,여기가 ~한 곳이야 / 그래서 ~하는 거야,대비형,불가,,열린 목록 — 같은 자리에 접속사·관계사가 갈아 끼워진다,,6,열린 목록 — 같은 자리에 접속사·관계사가 갈아 끼워진다,,2 관계사·접속사(뒤에 절),
10398,10398,,what + 주어 + 동사,~하는 것,패턴형,가능,what,,고정어가 기능어 하나뿐 — 공통 패턴 찾기로는 약하다,6,,,2 관계사·접속사(뒤에 절),
10399,10399,,There's nothing more ______ than ______,~보다 더 ~한 건 없어,패턴형,가능,There's nothing … than,,,6,,,,
10400-A,10400,분리,명사 + ______(과거분사),~된 ~,대비형 → 분리,불가,,형태 규칙 — 현재분사(-ing)·과거분사 꼴만 같고 들어가는 낱말은 매번 다르다,,2,,,3 형태 변화만으로 된 패턴,
10400-B,10400,분리,명사 + ______ -ing,~하는 ~,대비형 → 분리,불가,,형태 규칙 — 현재분사(-ing)·과거분사 꼴만 같고 들어가는 낱말은 매번 다르다,,4,,,3 형태 변화만으로 된 패턴,
10401,10401,,______ times as ______ as ______,~보다 ~배 ~해,패턴형,가능,as,,고정어가 기능어 하나뿐 — 공통 패턴 찾기로는 약하다,6,,,5 분리 틀(고정어 사이에 빈칸),
10402-A,10402,분리,"______ , which + 동사 …","~했는데, 그게 ~해",대비형 → 분리,가능,which,,고정어가 기능어 하나뿐 — 공통 패턴 찾기로는 약하다,4,,,2 관계사·접속사(뒤에 절),
10402-B,10402,분리,"사람 , who + 동사 …","~인데, 그 사람은 ~해",대비형 → 분리,가능,who,,고정어가 기능어 하나뿐 — 공통 패턴 찾기로는 약하다,2,,,2 관계사·접속사(뒤에 절),
10403,10403,,however / wherever / whenever + ______,아무리 ~해도 / 어디서 ~하든,대비형,불가,,열린 목록 — 같은 자리에 접속사·관계사가 갈아 끼워진다,,6,열린 목록 — 같은 자리에 접속사·관계사가 갈아 끼워진다,,2 관계사·접속사(뒤에 절),
10404,10404,,______ times ______er than ______,~보다 ~배 더 ~해,패턴형,가능,times … than,,,6,,,3 형태 변화만으로 된 패턴,배수 + 비교급
10405,10405,,the 명사 + 주어 + 동사,내가 ~한 그 ~,구조형,불가,,어순 규칙 — 고정된 말 없이 덩어리 순서만 같다,,6,,Y,2 관계사·접속사(뒤에 절),
10406-A,10406,분리,전치사 + which + 주어 + 동사,~가 ~한 그 (곳·것),대비형 → 분리,가능,in which,,,4,,,2 관계사·접속사(뒤에 절),선행사 the ~ 와 관계사가 떨어짐
10406-B,10406,분리,전치사 + whom + 주어 + 동사,~가 ~한 그 사람,대비형 → 분리,가능,whom,,고정어가 기능어 하나뿐 — 공통 패턴 찾기로는 약하다,2,,,2 관계사·접속사(뒤에 절),선행사 the ~ 와 관계사가 떨어짐
10407,10407,,so ______ that ______,너무 ~해서 ~해,패턴형,가능,so … that,,,6,,,5 분리 틀(고정어 사이에 빈칸),
10408,10408,,There's no ______ -ing,~할 수 없어,변화형,불가,,형태 규칙 — 같은 규칙으로 낱말마다 끝 모양을 바꾼다(공통된 말이 없다),,6,,,,
10409,10409,,Do you know what ______ is ?,~가 뭔지 알아?,패턴형,가능,Do … know,,,6,,,2 관계사·접속사(뒤에 절),
10410,10410,,both ______ and ______,~도 ~도 둘 다,패턴형,가능,both … and,,,6,,,5 분리 틀(고정어 사이에 빈칸),
10411,10411,,"______ , as ______",~라서 ~해,패턴형,가능,as,,고정어가 기능어 하나뿐 — 공통 패턴 찾기로는 약하다,6,,,2 관계사·접속사(뒤에 절),
10412,10412,,either ______ or ______,~ 아니면 ~,패턴형,가능,either … or,,,6,,,5 분리 틀(고정어 사이에 빈칸),
10413,10413,,______ as 주어 + 동사,~하면서 ~해,패턴형,가능,as,,고정어가 기능어 하나뿐 — 공통 패턴 찾기로는 약하다,6,,,,
10414,10414,,"Although / (Even) though + ______ , …",~인데도 / ~긴 하지만,대비형,불가,,뉘앙스 차이 — 갈래의 뜻이 거의 같아 설명(회색 2행)으로 다룬다,,6,뉘앙스 차이 — 갈래의 뜻이 거의 같아 설명(회색 2행)으로 다룬다,,2 관계사·접속사(뒤에 절),
10415,10415,,Do you think ______ ?,~일 것 같아?,패턴형,가능,Do you think,,,6,,,,
10416,10416,,Would you mind ______ -ing ?,~해 주시겠어요?,패턴형,가능,Would … mind,,,3,,,,
10417,10417,,의문사 + do you think + 주어 + 동사 ?,~가 ~일 것 같아?,패턴형,가능,do … think,,,6,,,,
10418,10418,,It seems that ______ .,~인 것 같아,패턴형,가능,It … that,,,6,,Y,,
10419,10419,,______ as well as ______,~뿐 아니라 ~도,패턴형,가능,as well,,,6,,,,
10420,10420,,It's ______ that ______ .,~하다는 게 ~해,패턴형,가능,be … that,,,6,,Y,,
10421,10421,,______ so that ______,~하도록 ~해,패턴형,가능,so that,,,6,,,2 관계사·접속사(뒤에 절),
10422,10422,,______ so (that) ______ can,~할 수 있게 ~해,패턴형,가능,so,,고정어가 기능어 하나뿐 — 공통 패턴 찾기로는 약하다,6,,,2 관계사·접속사(뒤에 절),
10423,10423,,neither ______ nor ______,~도 ~도 아니야,패턴형,가능,neither … nor,,,6,,,5 분리 틀(고정어 사이에 빈칸),
10424,10424,,not only ______ but also ______,~뿐 아니라 ~도,패턴형,가능,not only … but also,,,6,,,5 분리 틀(고정어 사이에 빈칸),
10425,10425,,find it ______ that ______,~라는 게 ~하게 느껴져,패턴형,가능,find it … that,,,6,,Y,5 분리 틀(고정어 사이에 빈칸),
10426,10426,,It's ______ that ______ .,~인 건 바로 ~야,패턴형,가능,be … that,,,6,,Y,5 분리 틀(고정어 사이에 빈칸),
10427,10427,,의문사 + else,또 누가 / 뭐가 ~?,패턴형,가능,else,,,6,,,1 한 단어 패턴,
10428,10428,,Have / Has + 주어 + ______(과거분사) ?,~했어?,패턴형,불가,,일치 규칙 — be·do 와 주어·시제가 문장마다 바뀌어 고정된 말이 없다,,6,,,,
10429,10429,,Have you ever + ______(과거분사) ?,~해 본 적 있어?,변화형,불가,,형태 규칙 — 같은 규칙으로 낱말마다 끝 모양을 바꾼다(공통된 말이 없다),,6,,,,
10430,10430,,주어 + haven’t / hasn’t + ______(과거분사) .,아직 ~ 안 했어,변화형,불가,,형태 규칙 — 같은 규칙으로 낱말마다 끝 모양을 바꾼다(공통된 말이 없다),,6,,,,
10431,10431,,주어 + have / has + ______(과거분사) .,~했어 / ~해 왔어,변화형,불가,,형태 규칙 — 같은 규칙으로 낱말마다 끝 모양을 바꾼다(공통된 말이 없다),,6,,Y,,
10432,10432,,even ______,~조차 / ~까지도,패턴형,가능,even,,고정어가 기능어 하나뿐 — 공통 패턴 찾기로는 약하다,6,,,1 한 단어 패턴,
10433,10433,,not ______ yet,아직 ~ 안 했어,패턴형,가능,not … yet,,,6,,,,
10434,10434,,still ______,아직도 ~해,패턴형,가능,still,,고정어가 기능어 하나뿐 — 공통 패턴 찾기로는 약하다,6,,,1 한 단어 패턴,
10435,10435,,______ yet ?,아직 ~ 안 했어?,패턴형,가능,yet,,,6,,,1 한 단어 패턴,
10436,10436,,already ______,벌써 ~했어,패턴형,가능,already,,고정어가 기능어 하나뿐 — 공통 패턴 찾기로는 약하다,6,,,1 한 단어 패턴,
10437,10437,,when + 주어 + 현재형,~하면,패턴형,가능,when,,고정어가 기능어 하나뿐 — 공통 패턴 찾기로는 약하다,6,,,2 관계사·접속사(뒤에 절),
10438,10438,,주어 + have been + ______ -ing,계속 ~해 오고 있어,변화형,불가,,형태 규칙 — 같은 규칙으로 낱말마다 끝 모양을 바꾼다(공통된 말이 없다),,6,,Y,,
10439-A,10439,분리,I don't know if ______ .,~인지 모르겠어,패턴형 → 분리,가능,don't know if,,,4,,Y,,
10439-B,10439,분리,I'm not sure if ______ .,~인지 잘 모르겠어,패턴형 → 분리,가능,be not sure if,,,2,,Y,,
10440,10440,,have / has been + ______(과거분사),~됐어,변화형,불가,,형태 규칙 — 같은 규칙으로 낱말마다 끝 모양을 바꾼다(공통된 말이 없다),,6,,,,
10441,10441,,had already + ______(과거분사),이미 ~한 뒤였어,변화형,불가,,형태 규칙 — 같은 규칙으로 낱말마다 끝 모양을 바꾼다(공통된 말이 없다),,6,,,,
10442,10442,,the + ______(형용사),~한 사람들,패턴형,불가,,열린 목록 — 같은 자리에 다른 낱말이 들어가 고정된 말이 없다,,6,,,,
10443,10443,,The ______ + 복수동사,~한 사람들은 ~해,패턴형,불가,,열린 목록 — 같은 자리에 다른 낱말이 들어가 고정된 말이 없다,,6,,,3 형태 변화만으로 된 패턴,
10444,10444,,"If I were ______ , I would ______ .",내가 ~라면 ~할 텐데,패턴형,가능,If … were … would,,,6,,,5 분리 틀(고정어 사이에 빈칸),가정법: 두 절에 고정어가 나뉨
10445,10445,,"If 주어 had ______(과거분사) , 주어 would have ______",~했더라면 ~했을 텐데,패턴형,가능,If … would have,,,6,,,5 분리 틀(고정어 사이에 빈칸),가정법: 두 절에 고정어가 나뉨
10446,10446,,What does ______ do ?,~는 무슨 일 해?,패턴형,가능,What … do,,,3,,,,
10447,10447,,had been + ______ -ing,계속 ~하고 있었어,패턴형,가능,been,,고정어가 기능어 하나뿐 — 공통 패턴 찾기로는 약하다,6,,Y,,
10448,10448,,"If 주어 ______(과거형) , 주어 would ______",~하면 ~할 텐데,패턴형,가능,If … would,,,6,,,5 분리 틀(고정어 사이에 빈칸),가정법: 두 절에 고정어가 나뉨
10449,10449,,I wish 주어 ______(과거형),~라면 좋겠어,패턴형,가능,I wish,,,6,,,,
10450,10450,,"If it weren't for ______ , ______",~가 아니었다면 ~,패턴형,가능,If it weren't for,,,6,,,5 분리 틀(고정어 사이에 빈칸),가정법: 두 절에 고정어가 나뉨
10451,10451,,"Without ______ , 주어 wouldn't ______",~가 없으면 ~ 못 해,패턴형,가능,Without … wouldn't,,,6,,,5 분리 틀(고정어 사이에 빈칸),가정법: 두 절에 고정어가 나뉨
10452,10452,,I wish 주어 hadn't ______(과거분사),~하지 않았더라면 좋았을 텐데,패턴형,가능,wish … hadn't,,,6,,Y,,
10453,10453,,"If it hadn't been for ______ , ______",~가 아니었다면 ~했을 거야,패턴형,가능,If it hadn't been for,,,6,,,5 분리 틀(고정어 사이에 빈칸),가정법: 두 절에 고정어가 나뉨
10454,10454,,"Without ______ , 주어 wouldn't have ______",~가 없었다면 ~하지 못했을 거야,패턴형,가능,Without … wouldn't have,,,6,,,5 분리 틀(고정어 사이에 빈칸),가정법: 두 절에 고정어가 나뉨
10455,10455,,Why don't I ______ ?,내가 ~할까?,패턴형,가능,Why don't I,,,3,,,,
10456,10456,,as if 주어 ______(과거형 / 과거완료),마치 ~인 것처럼,패턴형,가능,as if,,,6,,Y,,
10457,10457,,act as if 주어 were ______,마치 ~인 것처럼 굴어,패턴형,가능,as if,,,6,,Y,,
10458,10458,,"Were 주어 ______ , 주어 would ______",~라면 ~할 텐데,패턴형,가능,Were … I'd,,,6,,,5 분리 틀(고정어 사이에 빈칸),가정법: 두 절에 고정어가 나뉨
10459,10459,,"If 주어 had ______(과거분사) , 주어 would be ______",~했더라면 지금 ~할 텐데,패턴형,가능,If I'd … be,,,6,,,5 분리 틀(고정어 사이에 빈칸),가정법: 두 절에 고정어가 나뉨
10460,10460,,"Should you ______ , ______",혹시 ~하시면 ~,패턴형,가능,Should,,고정어가 기능어 하나뿐 — 공통 패턴 찾기로는 약하다,6,,,5 분리 틀(고정어 사이에 빈칸),가정법: 두 절에 고정어가 나뉨
10461,10461,,recommend / suggest that 주어 ______(동사원형),~하라고 권하다,패턴형,가능,that,,고정어가 기능어 하나뿐 — 공통 패턴 찾기로는 약하다,6,,Y,,
10462,10462,,"Had 주어 ______(과거분사) , 주어 would have ______",~했더라면 ~했을 텐데,패턴형,가능,Had … could've,,,6,,,5 분리 틀(고정어 사이에 빈칸),가정법: 두 절에 고정어가 나뉨
10463,10463,,act as if 주어 had ______(과거분사),마치 ~했던 것처럼 굴었어,패턴형,가능,as if,,,6,,Y,,
10464,10464,,act as if 주어 had ______(과거분사),마치 ~했던 것처럼 굴어,패턴형,가능,acts as if he'd,,,6,,Y,,
10465,10465,,far from ______,~에서 먼,패턴형,가능,far from,,,3,,,,
10466,10466,,calm down,진정하다,패턴형,가능,Calm down,,,3,,,,
10467,10467,,make it,시간 맞춰 가다 / 해내다,패턴형,가능,make it,,,3,,,,
10468,10468,,go back to ______,~ 얘기로 돌아가다,패턴형,가능,go back to,,,3,,,,
10469,10469,,by the time ______,~할 때쯤엔,패턴형,가능,by … time,,,3,,,,
10470,10470,,stick to ______,~을 지키다 / ~대로 하다,패턴형,가능,stick to,,,3,,,,
10471,10471,,mess up ______,~을 망치다,패턴형,가능,up,,고정어가 기능어 하나뿐 — 공통 패턴 찾기로는 약하다,3,,,,
10472,10472,,try ______ on,~을 입어 보다,패턴형,가능,try on,,,3,,,,
10473,10473,,come from ______,~ 출신이다,패턴형,가능,come from,,,3,,,,
10474,10474,,every single ______,~ 하나하나 다,패턴형,가능,every single,,,3,,,,
10475,10475,,remind ______ of ______,~를 보면 ~가 생각나다,패턴형,가능,reminds … of,,,3,,,,
10476,10476,,take care of ______,~을 맡아 처리하다,패턴형,가능,taking care of,,,3,,,,
10477,10477,,break up (with ______),헤어지다,패턴형,가능,broke up,,,3,,,,
10478,10478,,a matter of ______,~의 문제,패턴형,가능,matter of,,,3,,,,
10479,10479,,point out ______,~을 짚어 주다,패턴형,가능,pointed out,,,3,,,,
10480,10480,,It's all about ______ .,~가 전부야,패턴형,가능,be all about,,,3,,,,
10481,10481,,get home,집에 도착하다,패턴형,가능,get home,,,3,,,,
10482,10482,,hear from ______,~에게서 연락이 오다,패턴형,가능,heard from,,,3,,,,
10483,10483,,look around,둘러보다,패턴형,가능,look around,,,3,,,,
10484,10484,,So do / does / did ______,~도 그래,패턴형,가능,So,,고정어가 기능어 하나뿐 — 공통 패턴 찾기로는 약하다,3,,,,
10485,10485,,some more ______,~ 좀 더,패턴형,가능,some more,,,3,,,,
10486,10486,,work out,잘 풀리다 / 운동하다,패턴형,가능,work out,,,3,,,,
10487,10487,,throw up,토하다,패턴형,가능,throwing up,,,3,,,,
10488,10488,,get through ______,~을 이겨내다 / 버텨내다,패턴형,가능,get through,,,3,,,,
10489,10489,,Feel free to ______ .,편하게 ~하세요,패턴형,가능,Feel free to,,,3,,,,
10490,10490,,run out (of ______),~이 다 떨어지다,패턴형,가능,ran out of,,,3,,,,
10491,10491,,deal with ______,~을 감당하다,패턴형,가능,deal with,,,3,,,,
10492,10492,,belong to ______,~의 것이다,패턴형,가능,belong to,,,3,,,,
10493,10493,,do ______ a favor,~의 부탁을 들어주다,패턴형,가능,Do … favor,,,3,,,,
10494,10494,,decide on ______,~으로 정하다,패턴형,가능,decided on,,,3,,,,
10495,10495,,do a good job,잘 해내다,패턴형,가능,did … good job,,,3,,,,
10496,10496,,say no (to ______),거절하다,패턴형,가능,say no to,,,3,,,,
10497,10497,,go over ______,~을 자세히 살펴보다,패턴형,가능,go over,,,3,,,,
10498,10498,,no more ______,더 이상 ~ 없어,패턴형,가능,No more,,,3,,,,
10499,10499,,get off ______,~에서 내리다,패턴형,가능,Get off,,,3,,,,
10500,10500,,get together,모이다,패턴형,가능,get together,,,3,,,,
10501,10501,,change one's mind,마음이 바뀌다,패턴형,가능,changed … mind,,,3,,,,
10502,10502,,get ______ done,~을 끝내다,패턴형,가능,get … done,,,3,,,,
10503,10503,,have a hard time ______ -ing,~하는 게 힘들어,패턴형,가능,hard time,,,3,,,,
10504,10504,,What do you mean by ______ ?,~라는 게 무슨 뜻이야?,패턴형,가능,What do … mean by,,,3,,,,
10505,10505,,have ______ in mind,~을 생각해 두다,패턴형,가능,have in mind,,,3,,,,
10506,10506,,come across ______,~을 우연히 마주치다 / 발견하다,패턴형,가능,came across,,,3,,,,
10507,10507,,get (some) sleep,잠을 자다,패턴형,가능,get … sleep,,,3,,,,
10508,10508,,stop by (______),잠깐 들르다,패턴형,가능,stop by,,,3,,,,
10509,10509,,Have you ever ______(과거분사) ?,~해 본 적 있어?,패턴형,가능,Have … ever,,,3,,,,
10510,10510,,not a fan of ______,~은 별로 안 좋아해,패턴형,가능,not … fan of,,,3,,,,
10511,10511,,give ______ back,~을 돌려주다,패턴형,가능,Give … back,,,3,,,,
10512,10512,,more like ______,~에 더 가까워,패턴형,가능,more like,,,3,,,,
10513,10513,,in case ______,혹시 ~할지 모르니,패턴형,가능,in case,,,3,,,,
10514,10514,,believe in ______,~이 옳다고 여기다,패턴형,가능,believe in,,,3,,,,
10515,10515,,have got ______,~이 있어,패턴형,가능,got,,,3,,Y,,
10516,10516,,get rid of ______,~을 없애다,패턴형,가능,get rid of,,,3,,,,
10517,10517,,take ______ seriously,~을 진지하게 받아들이다,패턴형,가능,take … seriously,,,3,,,,
10518,10518,,look after ______,~을 돌보다,패턴형,가능,looking after,,,3,,,,
10519,10519,,prefer ______ to ______,~보다 ~을 더 좋아해,패턴형,가능,prefer … to,,,3,,,,
10520,10520,,don't have to ______,~ 안 해도 돼,패턴형,가능,don't have to,,,3,,,,
10521,10521,,be made of ______,~로 만들어지다,패턴형,가능,are made of,,,3,,,,
10522,10522,,check ______ out,~을 확인해 보다 / 알아보다,패턴형,가능,checking out,,,3,,,,
10523,10523,,take on ______,~을 맡다,패턴형,가능,taken on,,,3,,,,
10524,10524,,try out ______,~을 한번 해 보다,패턴형,가능,try out,,,3,,,,
10525,10525,,move out,이사 나가다,패턴형,가능,move out,,,3,,,,
10526,10526,,come with ______,~이 딸려 나오다,패턴형,가능,come with,,,3,,,,
10527,10527,,end up ______ -ing,결국 ~하게 되다,패턴형,가능,ended up,,,3,,,,
10528,10528,,pick ______ up,(맡긴 것을) 찾아오다,패턴형,가능,pick … up,,,3,,,,
10529,10529,,hurt one's feelings,~의 기분을 상하게 하다,패턴형,가능,hurt … feelings,,,3,,,,
10530,10530,,bring ______ up,~ 얘기를 꺼내다,패턴형,가능,bring … up,,,3,,,,
10531,10531,,turn ______ down,~을 거절하다,패턴형,가능,turned down,,,3,,,,
10532,10532,,leave ______ behind,~을 두고 가다,패턴형,가능,leave … behind,,,3,,,,
10533,10533,,Just because ______ doesn't mean ______,~라고 해서 ~인 건 아니야,패턴형,가능,Just because … doesn't mean,,,3,,,,
10534,10534,,make progress,나아지다 / 진전이 있다,패턴형,가능,making progress,,,3,,,,
10535,10535,,could use ______,~이 좀 필요해,패턴형,가능,could use,,,3,,,,
10536,10536,,go up,오르다,패턴형,가능,going up,,,3,,,,
10537,10537,,keep track of ______,~을 계속 파악하다,패턴형,가능,keep track of,,,3,,,,
10538,10538,,take notes,필기하다,패턴형,가능,took … notes,,,3,,,,
10539,10539,,What brings you to ______ ?,~엔 어쩐 일이야?,패턴형,가능,What brings … to,,,3,,,,
10540,10540,,take advantage of ______,~을 활용하다 / ~을 이용해 먹다,패턴형,가능,take advantage of,,,3,,,,
10541,10541,,have nothing to do with ______,~와 아무 상관 없다,패턴형,가능,has nothing to do with,,,3,,,,
10542,10542,,take over,넘겨받다,패턴형,가능,take over,,,3,,,,
10543,10543,,make fun of ______,~을 놀리다,패턴형,가능,make fun of,,,3,,,,
10544,10544,,take turns ______ -ing,돌아가면서 ~하다,패턴형,가능,take turns,,,3,,,,
10545,10545,,set up ______,~을 마련하다 / ~을 잡다,패턴형,가능,set up,,,3,,,,
10546,10546,,meet up (with ______),만나다,패턴형,가능,meet up,,,3,,,,
10547,10547,,take one's time,천천히 하다,패턴형,가능,Take … time,,,3,,,,
10548,10548,,in the middle of ______ -ing,~하는 중이야,패턴형,가능,in … middle of,,,3,,,,
10549,10549,,count on ______,~을 믿다,패턴형,가능,count on,,,3,,,,
10550,10550,,stay away (from ______),~을 멀리하다,패턴형,가능,Stay away from,,,3,,,,
10551,10551,,give an example (of ______),예를 들다,패턴형,가능,give … example,,,3,,,,
10552,10552,,look into ______,~을 알아보다,패턴형,가능,looking into,,,3,,,,
10553,10553,,pay off,결실을 보다,패턴형,가능,pays off,,,3,,,,
10554,10554,,let ______ down,~을 실망시키다,패턴형,가능,letting … down,,,3,,,,
10555,10555,,feel sorry for ______,~가 안됐다고 느끼다,패턴형,가능,feel sorry for,,,3,,,,
10556,10556,,get over ______,~을 극복하다,패턴형,가능,get over,,,3,,,,
10557,10557,,miss out (on ______),~을 놓치다,패턴형,가능,out,,고정어가 기능어 하나뿐 — 공통 패턴 찾기로는 약하다,3,,,,
10558,10558,,would love ______,정말 ~하고 싶어,패턴형,가능,I'd love,,,3,,Y,,
10559,10559,,keep on ______ -ing,계속 ~하다,패턴형,가능,Keep on,,,3,,,,
10560,10560,,cheer ______ up,~을 기운 나게 하다,패턴형,가능,Cheer up,,,3,,,,
10561,10561,,go down,내려가다 / 떨어지다,패턴형,가능,went down,,,3,,,,
10562,10562,,go for ______,~으로 하다,패턴형,가능,go for,,,3,,,,
10563,10563,,line up,줄을 서다,패턴형,가능,Line up,,,3,,,,
10564,10564,,make up one's mind,마음을 정하다,패턴형,가능,Make up … mind,,,3,,,,
10565,10565,,get in ______,~에 타다,패턴형,가능,get in,,,3,,,,
10566,10566,,take ______ for granted,~을 당연하게 여기다,패턴형,가능,take … for granted,,,3,,,,
10567,10567,,reach out (to ______),~에게 연락하다,패턴형,가능,reach out to,,,3,,,,
10568,10568,,put ______ off,~을 미루다,패턴형,가능,put off,,,3,,,,
10569,10569,,go wrong,잘못되다,패턴형,가능,went wrong,,,3,,,,
10570,10570,,pass ______ on (to ______),~을 전달하다,패턴형,가능,to pass on,,,3,,,,
10571,10571,,get back to ______,~에게 다시 연락하다,패턴형,가능,get back to,,,3,,,,
10572,10572,,go with ______,~으로 하다,패턴형,가능,go with,,,3,,,,
10573,10573,,give ______ a hand,~을 도와주다,패턴형,가능,give … hand,,,3,,,,
10574,10574,,be there for ______,~의 곁에 있어 주다,패턴형,가능,be … there for,,,3,,Y,,
10575,10575,,take responsibility (for ______),~에 책임을 지다,패턴형,가능,take responsibility,,,3,,,,
10576,10576,,let ______ go,~을 놓아주다 / 잊어버리다,패턴형,가능,let go,,,3,,,,
10577,10577,,make ______ happen,~을 이뤄내다,패턴형,가능,made … happen,,,3,,,,
10578,10578,,come out,나오다 / 출시되다,패턴형,가능,came out,,,3,,,,
10579,10579,,go out with ______,~와 사귀다,패턴형,가능,going out with,,,3,,,,
10580,10580,,lie down,눕다,패턴형,가능,Lie down,,,3,,,,
10581,10581,,keep up,따라가다,패턴형,가능,keep up,,,3,,,,
10582,10582,,have a dream,꿈을 꾸다,패턴형,가능,dream,,,3,,,,
10583,10583,,show off,자랑하다,패턴형,가능,show off,,,3,,,,
10584,10584,,Help yourself (to ______) .,마음껏 드세요,패턴형,가능,Help … to,,,3,,,,
10585,10585,,wish ______ luck,~에게 행운을 빌어주다,패턴형,가능,wish … luck,,,3,,,,
10586,10586,,fill up ______,~을 가득 채우다,패턴형,가능,Fill up,,,3,,,,
10587,10587,,watch out for ______,~을 조심하다,패턴형,가능,Watch out for,,,3,,,,
10588,10588,,feel bad (about ______),마음이 안 좋다,패턴형,가능,feel bad,,,3,,,,
10589,10589,,think ______ over,~을 곰곰이 생각해 보다,패턴형,가능,think … over,,,3,,,,
10590,10590,,a ton of ______,엄청 많은 ~,패턴형,가능,ton of,,,3,,,,
10591,10591,,say hi (to ______),~에게 인사하다,패턴형,가능,Say hi to,,,3,,,,
10592,10592,,have a choice,선택의 여지가 있다,패턴형,가능,have … choice,,,3,,,,
10593,10593,,pay ______ back,~에게 갚다,패턴형,가능,pay back,,,3,,,,
10594,10594,,break down,고장 나다,패턴형,가능,broke down,,,3,,,,
10595,10595,,get paid,급여를 받다,패턴형,가능,get paid,,,3,,,,
10596,10596,,have a problem with ______,~에 문제가 있다,패턴형,가능,problem with,,,3,,,,
10597,10597,,keep an eye on ______,~을 지켜보다,패턴형,가능,Keep … eye on,,,3,,,,
10598,10598,,keep ______ a secret,~을 비밀로 하다,패턴형,가능,keep … secret,,,3,,,,
10599,10599,,ask ______ out,~에게 데이트 신청하다,패턴형,가능,ask out,,,3,,,,
10600,10600,,give ______ a call,~에게 전화하다,패턴형,가능,give … call,,,3,,,,
10601,10601,,have been (to / in ______),~에 있었어 / 다녀왔어,패턴형,가능,been,,고정어가 기능어 하나뿐 — 공통 패턴 찾기로는 약하다,3,,Y,,
10602,10602,,end up with ______,결국 ~을 갖게 되다,패턴형,가능,ended up with,,,3,,,,
10603,10603,,cut down on ______,~을 줄이다,패턴형,가능,cut down on,,,3,,,,
10604,10604,,have a point,일리가 있다,패턴형,가능,had … point,,,3,,,,
10605,10605,,move in,이사 들어오다,패턴형,가능,moved in,,,3,,,,
10606,10606,,make up for ______,~을 만회하다,패턴형,가능,make up for,,,3,,,,
10607,10607,,wrap up ______,~을 마무리하다,패턴형,가능,wrap up,,,3,,,,
10608,10608,,mix up ______,~을 헷갈리다,패턴형,가능,mixed up,,,3,,,,
10609,10609,,take ______ out,~을 데리고 나가다,패턴형,가능,taking … out,,,3,,,,
10610,10610,,break one's heart,~의 마음을 아프게 하다,패턴형,가능,breaks … heart,,,3,,,,
10611,10611,,check on ______,~이 괜찮은지 보다,패턴형,가능,check on,,,3,,,,
10612,10612,,get around,돌아다니다,패턴형,가능,get around,,,3,,,,
10613,10613,,step out,잠깐 나가다,패턴형,가능,stepped out,,,3,,,,
10614,10614,,more than ______,더할 나위 없이 ~해,패턴형,가능,more than,,,3,,,,
10615,10615,,give ______ a ride,~을 태워다 주다,패턴형,가능,giving … ride,,,3,,,,
10616,10616,,make a living,먹고살다,패턴형,가능,make … living,,,3,,,,
10617,10617,,show ______ around,~에게 구경시켜 주다,패턴형,가능,showed … around,,,3,,,,
10618,10618,,keep up with ______,~을 따라가다,패턴형,가능,keep up with,,,3,,,,
10619,10619,,put ______ on,~을 틀다,패턴형,가능,put on,,,3,,,,
10620,10620,,get in touch with ______,~와 연락하다,패턴형,가능,get in touch with,,,3,,,,
10621,10621,,come up,(일이) 생기다,패턴형,가능,came up,,,3,,,,
10622,10622,,What if ______ ?,~하면 어떨까?,패턴형,가능,What if,,,3,,,,
10623,10623,,put up with ______,~을 참아내다,패턴형,가능,put up with,,,3,,,,
10624,10624,,invite ______ over,~을 집으로 초대하다,패턴형,가능,invite … over,,,3,,,,
10625,10625,,catch up (with ______),밀린 얘기를 나누다,패턴형,가능,catching up,,,3,,,,
10626,10626,,check with ______,~에게 확인해 보다,패턴형,가능,check with,,,3,,,,
10627,10627,,stick with ______,~을 그대로 유지하다,패턴형,가능,Stick with,,,3,,,,
10628,10628,,make no sense,말이 안 되다,패턴형,가능,makes no sense,,,3,,,,
10629,10629,,keep in touch,연락하고 지내다,패턴형,가능,keep in touch,,,3,,,,
10630,10630,,get ______ wrong,~을 틀리다,패턴형,가능,got … wrong,,,3,,,,
10631,10631,,live with ______,~을 감수하다,패턴형,가능,live with,,,3,,,,
10632,10632,,eat out,외식하다,패턴형,가능,eat out,,,3,,,,
10633,10633,,relate to ______,~에 공감하다,패턴형,가능,relate to,,,3,,,,
10634,10634,,take a while,시간이 좀 걸리다,패턴형,가능,take … while,,,3,,,,
10635,10635,,Do you happen to ______ ?,혹시 ~해?,패턴형,가능,Do … happen to,,,3,,,,
10636,10636,,make a note (of ______),~을 메모해 두다,패턴형,가능,make … note,,,3,,,,
10637,10637,,gain weight,살이 찌다,패턴형,가능,gained … weight,,,3,,,,
10638,10638,,get ______ straight,~을 분명히 하다,패턴형,가능,get … straight,,,3,,,,
10639,10639,,move on,잊고 나아가다,패턴형,가능,move on,,,3,,,,
10640,10640,,lay ______ off,~을 정리해고하다,패턴형,가능,off,,고정어가 기능어 하나뿐 — 공통 패턴 찾기로는 약하다,3,,,,
10641,10641,,tell the difference,구별하다,패턴형,가능,tell … difference,,,3,,,,
10642,10642,,have a clue,(조금이라도) 알다,패턴형,가능,have … clue,,,3,,,,
10643,10643,,take a bite (of ______),한 입 먹다,패턴형,가능,took … bite,,,3,,,,
10644,10644,,pull over,차를 갓길에 대다,패턴형,가능,pull over,,,3,,,,
10645,10645,,look good on ______,~에게 잘 어울리다,패턴형,가능,look good on,,,3,,,,
10646,10646,,make time (for ______),시간을 내다,패턴형,가능,make time for,,,3,,,,
10647,10647,,dress up,차려입다,패턴형,가능,up,,고정어가 기능어 하나뿐 — 공통 패턴 찾기로는 약하다,3,,,,
10648,10648,,check in,잘 지내는지 확인하다,패턴형,가능,check in,,,3,,,,
10649,10649,,"______ , don't you think ?","~하네, 안 그래?",패턴형,가능,don't you think,,,3,,,,
10650,10650,,be off (to ______),~로 떠나다,패턴형,가능,be off to,,,3,,Y,,
10651,10651,,have ______ over,~을 집으로 초대하다,패턴형,가능,over,,고정어가 기능어 하나뿐 — 공통 패턴 찾기로는 약하다,3,,,,
10652,10652,,by far,단연,패턴형,가능,by far,,,3,,,,
10653,10653,,bring back ______,~을 다시 떠올리게 하다,패턴형,가능,back,,고정어가 기능어 하나뿐 — 공통 패턴 찾기로는 약하다,3,,,,
10654,10654,,make up,화해하다,패턴형,가능,made up,,,3,,,,
10655,10655,,get used to ______,~에 익숙해지다,패턴형,가능,get used to,,,3,,,,
10656,10656,,have a crush on ______,~에게 반하다,패턴형,가능,have … crush on,,,3,,,,
10657,10657,,open up (to ______),~에게 마음을 털어놓다,패턴형,가능,opened up to,,,3,,,,
10658,10658,,come up with ______,~을 생각해 내다,패턴형,가능,came up with,,,3,,,,
10659,10659,,pass out,기절하다,패턴형,가능,out,,고정어가 기능어 하나뿐 — 공통 패턴 찾기로는 약하다,3,,,,
10660,10660,,go off,(알람이) 울리다,패턴형,가능,going off,,,3,,,,
10661,10661,,put ______ on,~을 바르다,패턴형,가능,Put … on,,,3,,,,
10662,10662,,be known as ______,~로 알려져 있다,패턴형,가능,be known as,,,3,,,,
10663,10663,,turn ______ into ______,~을 ~으로 바꾸다,패턴형,가능,turned … into,,,3,,,,
10664,10664,,be known for ______,~로 유명하다,패턴형,가능,be known for,,,3,,,,
10665,10665,,have a ______ relationship with ______,~와 사이가 ~해,패턴형,가능,have … relationship with,,,3,,,,
10666,10666,,turn into ______,~로 변하다,패턴형,가능,turned into,,,3,,,,
10667,10667,,just because ______,단지 ~라서,패턴형,가능,just because,,,3,,,,
10668,10668,,pop up,불쑥 튀어나오다,패턴형,가능,pop up,,,3,,,,
10669,10669,,work toward ______,~을 향해 노력하다,패턴형,가능,working toward,,,3,,,,
10670,10670,,die of ______,~로 죽다,패턴형,가능,dies of,,,3,,,,
10671,10671,,think of ______ as ______,~을 ~라고 여기다,패턴형,가능,Think of … as,,,3,,,,
10672,10672,,care for ______,~을 돌보다,패턴형,가능,caring for,,,3,,,,
10673,10673,,a (wide) range of ______,다양한 ~,패턴형,가능,range of,,,3,,,,
10674,10674,,have a(n) ______ effect on ______,~에 ~한 영향을 미치다,패턴형,가능,have … effect on,,,3,,,,
10675,10675,,put ______ down,~을 내려놓다,패턴형,가능,put … down,,,3,,,,
10676,10676,,pick ______ up,~을 줍다 / 집다,패턴형,가능,Pick up,,,3,,,,
10677,10677,,come up to ______,~까지 차오르다,패턴형,가능,came up to,,,3,,,,
10678,10678,,take (the) time to ______,시간을 내서 ~하다,패턴형,가능,take time to,,,3,,,,
10679,10679,,start with ______,~로 시작되다,패턴형,가능,started with,,,3,,,,
10680,10680,,pick up,(전화를) 받다,패턴형,가능,pick up,,,3,,,,
10681,10681,,try and ______,~해 봐,패턴형,가능,try and,,,3,,,,
10682,10682,,put ______ on,~을 신다,패턴형,가능,put … on,,,3,,,,
10683,10683,,refer to ______ as ______,~을 ~라고 부르다,패턴형,가능,refer to … as,,,3,,,,
10684,10684,,outside of ______,~ 밖에,패턴형,가능,outside of,,,3,,,,
10685,10685,,get ______ out of ______,~을 ~에서 꺼내다,패턴형,가능,get … out of,,,3,,,,
10686,10686,,set ______ up,~을 설치하다,패턴형,가능,set … up,,,3,,,,
10687,10687,,turn to ______,~에게 의지하다,패턴형,가능,turn to,,,3,,,,
10688,10688,,put ______ on,~을 끼다,패턴형,가능,put … on,,,3,,,,
10689,10689,,look back (on ______),돌아보다,패턴형,가능,look back,,,3,,,,
10690,10690,,give ______ (some) thought,~을 생각해 보다,패턴형,가능,given … thought,,,3,,,,
10691,10691,,go on (for ______),계속되다,패턴형,가능,went on,,,3,,,,
10692,10692,,______ or more,~ 이상,패턴형,가능,or more,,,3,,,,
10693,10693,,fill in ______,~을 채우다,패턴형,가능,fill in,,,3,,,,
10694,10694,,deal with ______,~을 주제로 다루다,패턴형,가능,deals with,,,3,,,,
10695,10695,,get ______ out,~을 꺼내다 / 빼다,패턴형,가능,get out,,,3,,,,
10696,10696,,take place,열리다,패턴형,가능,take place,,,3,,,,
10697,10697,,begin with ______,~로 시작되다,패턴형,가능,begins with,,,3,,,,
10698,10698,,look for ______,~을 찾다,패턴형,가능,looking for,,,3,,,,
10699,10699,,It's been ______,~가 지났어,패턴형,가능,be been,,,3,,Y,,
10700,10700,,be made up of ______,~로 구성되다,패턴형,가능,is made up of,,,3,,,,
10701,10701,,see ______ in ______,~에게서 ~을 보다,패턴형,가능,sees … in,,,3,,,,
10702,10702,,shut down,(기기가) 꺼지다 / 멈추다,패턴형,가능,shut down,,,3,,,,
10703,10703,,those who ______,~하는 사람들,패턴형,가능,those who,,,3,,,,
10704,10704,,in order to ______,~하기 위해,패턴형,가능,in order to,,,3,,,,
10705,10705,,pick up on ______,~을 알아채다,패턴형,가능,pick up on,,,3,,,,
10706,10706,,work out,운동하다,패턴형,가능,work out,,,3,,,,
10707,10707,,get ______ back,~을 되찾다,패턴형,가능,got … back,,,3,,,,
10708,10708,,______ stands for ______,~의 약자야,패턴형,가능,stands for,,,3,,,,
10709,10709,,pick ______ up,~을 사 오다,패턴형,가능,pick up,,,3,,,,
10710,10710,,make ______ into ______,~을 ~으로 만들다,패턴형,가능,make … into,,,3,,,,
10711,10711,,pass through ______,~을 지나가다,패턴형,가능,through,,고정어가 기능어 하나뿐 — 공통 패턴 찾기로는 약하다,3,,,,
10712,10712,,look through ______,~을 훑어보다,패턴형,가능,look through,,,3,,,,
10713,10713,,refer to ______,~에 대해 말하다,패턴형,가능,referring to,,,3,,,,
10714,10714,,take a risk,모험을 하다,패턴형,가능,took … risk,,,3,,,,
10715,10715,,make one's way (to ______),~로 가다,패턴형,가능,made … way,,,3,,,,
10716,10716,,talk to ______,~에게 말을 걸다,패턴형,가능,talked to,,,3,,,,
10717,10717,,make ______ up,~을 지어내다,패턴형,가능,made up,,,3,,,,
10718,10718,,take steps to ______,~하려고 조치를 취하다,패턴형,가능,taking steps to,,,3,,,,
10719,10719,,"______ , followed by ______",~ 뒤에 ~가 이어지다,패턴형,가능,followed by,,,3,,,,
10720,10720,,put in ______,~을 넣다,패턴형,가능,put in,,,3,,,,
10721,10721,,in danger of ______,~할 위험에 처하다,패턴형,가능,in danger of,,,3,,,,
10722,10722,,account for ______,~을 차지하다,패턴형,가능,account for,,,3,,,,
10723,10723,,raise awareness about ______,~에 대한 인식을 높이다,패턴형,가능,raising awareness about,,,3,,,,
10724,10724,,have access to ______,~을 이용할 수 있다,패턴형,가능,have access to,,,3,,,,
10725,10725,,go through ______,~을 지나가다 / 통과하다,패턴형,가능,went through,,,3,,,,
10726,10726,,in spite of ______,~에도 불구하고,패턴형,가능,in spite of,,,3,,,,
10727,10727,,make (good) use of ______,~을 활용하다,패턴형,가능,make … use of,,,3,,,,
10728,10728,,come to ______,~한 상황에 이르다,패턴형,가능,came to,,,3,,,,
10729,10729,,let ______ go,~을 해고하다,패턴형,가능,let … go,,,3,,,,
10730,10730,,put ______ on,~을 쓰다,패턴형,가능,Put … on,,,3,,,,
10731,10731,,let go (of ______),~을 놓다,패턴형,가능,let go,,,3,,,,
10732,10732,,in need of ______,~이 필요하다,패턴형,가능,in need of,,,3,,,,
10733,10733,,warm up,몸을 풀다,패턴형,가능,warming up,,,3,,,,
10734,10734,,far from ______,전혀 ~하지 않다,패턴형,가능,far from,,,3,,,,
10735,10735,,hold on to ______,~을 꼭 붙잡다,패턴형,가능,Hold on to,,,3,,,,
10736,10736,,go on to ______,곧이어 ~하다,패턴형,가능,went on to,,,3,,,,
10737,10737,,take ______ into account,~을 고려하다,패턴형,가능,take … into account,,,3,,,,
10738,10738,,get to ______,~을 다루다,패턴형,가능,get to,,,3,,,,
10739,10739,,refer to ______,~을 참고하다,패턴형,가능,refer to,,,3,,,,
10740,10740,,come up (to ______),다가오다,패턴형,가능,came up,,,3,,,,
10741,10741,,put in ______,~을 쏟아붓다,패턴형,가능,put in,,,3,,,,
10742,10742,,inside of ______,~ 안에,패턴형,가능,inside of,,,3,,,,
10743,10743,,make ______ clear,~을 분명히 하다,패턴형,가능,made … clear,,,3,,,,
10744,10744,,put ______ away,~을 치우다,패턴형,가능,put away,,,3,,,,
10745,10745,,catch one's eye,눈길을 끌다,패턴형,가능,caught … eye,,,3,,,,
10746,10746,,come out,드러나다,패턴형,가능,came out,,,3,,,,
10747,10747,,go back ______,~ 전으로 거슬러 올라가다,패턴형,가능,go back,,,3,,,,
10748,10748,,let ______ go,~을 풀어 주다,패턴형,가능,let … go,,,3,,,,
10749,10749,,leave for ______,~로 출발하다,패턴형,가능,leave for,,,3,,,,
10750,10750,,take ______ out of ______,~을 ~에서 꺼내다,패턴형,가능,Take … out of,,,3,,,,
10751,10751,,relate to ______,~와 관련이 있다,패턴형,가능,related to,,,3,,,,
10752,10752,,speed up,속도를 내다,패턴형,가능,sped up,,,3,,,,
10753,10753,,go through ______,~을 거치다,패턴형,가능,go through,,,3,,,,
10754,10754,,interfere with ______,~을 방해하다,패턴형,가능,interfere with,,,3,,,,
10755,10755,,know ______ as ______,~을 ~로 알고 있다,패턴형,가능,know … as,,,3,,,,
10756,10756,,come over,이쪽으로 오다,패턴형,가능,coming over,,,3,,,,
10757,10757,,every time,매번,패턴형,가능,every time,,,3,,,,
10758,10758,,take advantage of ______,~을 이용해 먹다,패턴형,가능,took advantage of,,,3,,,,
10759,10759,,outside of ______,~ 밖이야,패턴형,가능,of outside,,,3,,,,
10760,10760,,use up ______,~을 다 써 버리다,패턴형,가능,used up,,,3,,,,
10761,10761,,mistake ______ for ______,~을 ~라고 착각하다,패턴형,가능,for,,고정어가 기능어 하나뿐 — 공통 패턴 찾기로는 약하다,3,,,,
10762,10762,,be looking to ______,~하려고 하다,패턴형,가능,be looking to,,,3,,,,
10763,10763,,do one's part,자기 몫을 하다,패턴형,가능,doing … part,,,3,,,,
10764,10764,,the moment + 주어 + 동사,~하자마자,패턴형,가능,moment,,,3,,,,
10765,10765,,get away (from ______),벗어나다 / 도망치다,패턴형,가능,get away,,,3,,,,
10766,10766,,break into ______,~에 침입하다,패턴형,가능,broke into,,,3,,,,
10767,10767,,give birth (to ______),~을 낳다,패턴형,가능,gave birth to,,,3,,,,
10768,10768,,laugh at ______,~을 비웃다,패턴형,가능,laugh at,,,3,,,,
10769,10769,,die from ______,~로 죽다,패턴형,가능,died from,,,3,,,,
10770,10770,,leave ______ out,~을 빼다,패턴형,가능,Leave out,,,3,,,,
10771,10771,,hand ______ in,~을 제출하다,패턴형,가능,Hand … in,,,3,,,,
10772,10772,,walk away (from ______),떠나 버리다,패턴형,가능,walked away,,,3,,,,
10773,10773,,go for it,한번 부딪쳐 보다,패턴형,가능,go for,,,3,,,,
10774,10774,,pull ______ off,~을 해내다,패턴형,가능,pulled off,,,3,,,,
10775,10775,,drop by ______,~에 들르다,패턴형,가능,drop by,,,3,,,,
10776,10776,,turn ______ down,~을 줄이다,패턴형,가능,Turn down,,,3,,,,
10777,10777,,look ______ over,~을 훑어보다,패턴형,가능,look over,,,3,,,,
10778,10778,,go to work,일하러 가다,패턴형,가능,go to work,,,3,,,,
10779,10779,,get back to ______,~로 다시 돌아가다,패턴형,가능,get back to,,,3,,,,
10780,10780,,I've got ______,나 ~ 있어,패턴형,가능,have got,,,3,,Y,,
10781,10781,,set up (for ______),준비하다,패턴형,가능,setting up for,,,3,,,,
10782,10782,,fill in ______,~을 작성하다,패턴형,가능,fill in,,,3,,,,
10783,10783,,pass ______ down,~을 물려주다,패턴형,가능,down,,고정어가 기능어 하나뿐 — 공통 패턴 찾기로는 약하다,3,,,,
10784,10784,,pick ______ out,~을 고르다,패턴형,가능,pick out,,,3,,,,
10785,10785,,dress for ______,~에 맞게 입다,패턴형,가능,Dress for,,,3,,,,
10786,10786,,start out as ______,~로 시작하다,패턴형,가능,started out as,,,3,,,,
10787,10787,,drop out,중퇴하다,패턴형,가능,dropped out,,,3,,,,
10788,10788,,bring out ______,~을 끌어내다 / 돋보이게 하다,패턴형,가능,out,,고정어가 기능어 하나뿐 — 공통 패턴 찾기로는 약하다,3,,,,
10789,10789,,come in,(역할을 맡아) 등장하다,패턴형,가능,come in,,,3,,,,
10790,10790,,work ______ out,~을 짜내다 / 찾아내다,패턴형,가능,worked out,,,3,,,,
10791,10791,,get ______ right,~을 제대로 하다,패턴형,가능,get … right,,,3,,,,
10792,10792,,lose sight of ______,~을 놓치다,패턴형,가능,lost sight of,,,3,,,,
10793,10793,,fall into ______,~에 빠지다,패턴형,가능,fell into,,,3,,,,
10794,10794,,call for ______,~을 요구하다,패턴형,가능,calling for,,,3,,,,
10795,10795,,feed on ______,~을 먹고 살다,패턴형,가능,feed on,,,3,,,,
10796,10796,,hold on to ______,~을 지키다,패턴형,가능,Hold on to,,,3,,,,
10797,10797,,do harm (to ______),해를 끼치다,패턴형,가능,do … harm,,,3,,,,
10798,10798,,obsess over ______,~에 집착하다,패턴형,가능,over,,고정어가 기능어 하나뿐 — 공통 패턴 찾기로는 약하다,3,,,,
10799,10799,,belong to ______,~ 소속이다,패턴형,가능,belong to,,,3,,,,
10800,10800,,carry ______ around,~을 들고 다니다,패턴형,가능,carry around,,,3,,,,
10801,10801,,in case of ______,~에 대비해 / ~이 생기면,패턴형,가능,In case of,,,3,,,,
10802,10802,,give ______ away,~을 나눠 주다,패턴형,가능,gave away,,,3,,,,
10803,10803,,stand out,눈에 띄다,패턴형,가능,stands out,,,3,,,,
10804,10804,,pass by ______,~ 앞을 지나가다,패턴형,가능,by,,고정어가 기능어 하나뿐 — 공통 패턴 찾기로는 약하다,3,,,,
10805,10805,,dive into ______,~에 뛰어들다,패턴형,가능,into,,고정어가 기능어 하나뿐 — 공통 패턴 찾기로는 약하다,3,,,,
10806,10806,,have a(n) ______ influence on ______,~에 ~한 영향을 미치다,패턴형,가능,have … influence on,,,3,,,,
10807,10807,,dispose of ______,~을 버리다 / 처리하다,패턴형,가능,dispose of,,,3,,,,
10808,10808,,knock ______ over,~을 넘어뜨리다 / 쏟다,패턴형,가능,knocked over,,,3,,,,
10809,10809,,file for ______,~을 신청하다,패턴형,가능,filing for,,,3,,,,
10810,10810,,get one's attention,~의 관심을 끌다,패턴형,가능,get … attention,,,3,,,,
10811,10811,,draw attention to ______,~에 관심을 끌다,패턴형,가능,draws attention to,,,3,,,,
10812,10812,,put together ______,~을 꾸리다 / 만들다,패턴형,가능,putting together,,,3,,,,
10813,10813,,take off,이륙하다,패턴형,가능,took off,,,3,,,,
10814,10814,,shake hands (with ______),악수하다,패턴형,가능,shook … hand,,,3,,,,
10815,10815,,put ______ back,~을 제자리에 갖다 놓다,패턴형,가능,Put … back,,,3,,,,
10816,10816,,make friends with ______,~와 친구가 되다,패턴형,가능,made friends with,,,3,,,,
10817,10817,,pick ______ up,~을 익히다,패턴형,가능,picked … up,,,3,,,,
10818,10818,,give rise to ______,~을 일으키다,패턴형,가능,give rise to,,,3,,,,
10819,10819,,more ______ than ______,~라기보다 ~한 거야,패턴형,가능,more … than,,,3,,,,
10820,10820,,put ______ into practice,~을 실행에 옮기다,패턴형,가능,put … into practice,,,3,,,,
10821,10821,,get into ______,~을 하게 되다,패턴형,가능,got into,,,3,,,,
10822,10822,,take ______ to the next level,~을 다음 단계로 끌어올리다,패턴형,가능,takes … to … next level,,,3,,,,
10823,10823,,get in the way,발목을 잡다,패턴형,가능,got in … way,,,3,,,,
10824,10824,,allow for ______,~을 할 수 있게 하다,패턴형,가능,allows for,,,3,,,,
10825,10825,,go into ______,~ 분야에 들어가다,패턴형,가능,go into,,,3,,,,
10826,10826,,reach out,손을 뻗다,패턴형,가능,reached out,,,3,,,,
10827,10827,,light up ______,~을 환하게 밝히다,패턴형,가능,up,,고정어가 기능어 하나뿐 — 공통 패턴 찾기로는 약하다,3,,,,
10828,10828,,come out ______,~하게 나오다,패턴형,가능,came out,,,3,,,,
10829,10829,,get into ______,(안 좋은 일을) 겪다,패턴형,가능,got into,,,3,,,,
10830,10830,,be brought up (in ______),자라다,패턴형,가능,was brought up in,,,3,,,,
10831,10831,,do ______ good,~에게 도움이 되다,패턴형,가능,do … good,,,3,,,,
10832,10832,,stand up for ______,~을 옹호하다,패턴형,가능,stands up for,,,3,,,,
10833,10833,,ever since,그 이후로 줄곧,패턴형,가능,Ever since,,,3,,,,
10834,10834,,catch up (to ______),따라잡다,패턴형,가능,catch up to,,,3,,,,
10835,10835,,break ______ down,~을 잘게 나누다,패턴형,가능,break … down,,,3,,,,
10836,10836,,get into ______,~ 얘기를 꺼내다,패턴형,가능,get into,,,3,,,,
10837,10837,,get to ______,~에 착수하다,패턴형,가능,get to,,,3,,,,
10838,10838,,get ______ out of ______,~에서 ~을 얻다,패턴형,가능,get … out of,,,3,,,,
10839,10839,,make it (to ______),~까지 올라가다,패턴형,가능,made it to,,,3,,,,
10840,10840,,come in contact with ______,~와 접촉하다,패턴형,가능,come in contact with,,,3,,,,
10841,10841,,speak out (against ______),목소리를 내다,패턴형,가능,speak out against,,,3,,,,
10842,10842,,set aside ______,~을 따로 떼어 두다,패턴형,가능,setting aside,,,3,,,,
10843,10843,,back up,뒤로 물러나다,패턴형,가능,Back up,,,3,,,,
10844,10844,,put ______ in danger,~을 위험에 빠뜨리다,패턴형,가능,putting … in danger,,,3,,,,
10845,10845,,have ______ on,~을 입고 있다,패턴형,가능,has … on,,,3,,,,
10846,10846,,show up,눈에 띄다 / 드러나 보이다,패턴형,가능,show up,,,3,,,,
10847,10847,,keep ______ down,~을 억제하다,패턴형,가능,keep … down,,,3,,,,
10848,10848,,make the most of ______,~을 최대한 활용하다,패턴형,가능,make … most of,,,3,,,,
10849,10849,,keep ______ up,~을 계속 이어 가다,패턴형,가능,keep up,,,3,,,,
10850,10850,,figure ______ out,~을 파악하다,패턴형,가능,figure out,,,3,,,,
10851,10851,,give up ______,~을 양보하다 / 넘겨주다,패턴형,가능,gave up,,,3,,,,
10852,10852,,resort to ______,~에 기대다,패턴형,가능,to resort,,,3,,,,
10853,10853,,take a chance,한번 해 보다,패턴형,가능,take … chance,,,3,,,,
10854,10854,,live on ______,~로 먹고살다,패턴형,가능,lived on,,,3,,,,
10855,10855,,teach oneself,독학하다,패턴형,가능,taught,,,3,,,,
10856,10856,,put ______ into action,~을 실행에 옮기다,패턴형,가능,putting … into action,,,3,,,,
10857,10857,,make eye contact (with ______),눈을 마주치다,패턴형,가능,making eye contact with,,,3,,,,
10858,10858,,take one's place,~의 자리를 대신하다,패턴형,가능,taking … place,,,3,,,,
10859,10859,,back ______ up,~을 뒷받침하다,패턴형,가능,backs up,,,3,,,,
10860,10860,,begin ______ with ______,~을 ~로 시작하다,패턴형,가능,begin … with,,,3,,,,
10861,10861,,take pride in ______,~에 자부심을 갖다,패턴형,가능,takes pride in,,,3,,,,
10862,10862,,make a promise,약속하다,패턴형,가능,made … promise,,,3,,,,
10863,10863,,live up to ______,~에 부응하다,패턴형,가능,live up to,,,3,,,,
10864,10864,,shut down,문을 닫다,패턴형,가능,shut down,,,3,,,,
10865,10865,,aside from ______,~ 말고는,패턴형,가능,aside from,,,3,,,,
10866,10866,,belong to ______,~에 속하다,패턴형,가능,belong to,,,3,,,,
10867,10867,,start off with ______,~로 시작하다,패턴형,가능,start off with,,,3,,,,
10868,10868,,account for ______,~의 이유다,패턴형,가능,account for,,,3,,,,
10869,10869,,tell of ______,~을 이야기하다,패턴형,가능,tells of,,,3,,,,
10870,10870,,put an end to ______,~을 끝내다,패턴형,가능,to put … end,,,3,,,,
10871,10871,,look up to ______,~을 우러러보다,패턴형,가능,look up to,,,3,,,,
10872,10872,,in place of ______,~ 대신,패턴형,가능,in place of,,,3,,,,
10873,10873,,stand out,두드러지다,패턴형,가능,stand out,,,3,,,,
10874,10874,,sit around,빈둥거리다,패턴형,가능,sits around,,,3,,,,
10875,10875,,sing along,따라 부르다,패턴형,가능,sing along,,,3,,,,
10876,10876,,make a donation (to ______),기부하다,패턴형,가능,made … donation,,,3,,,,
10877,10877,,make it (as ______),~로 성공하다,패턴형,가능,make it as,,,3,,,,
10878,10878,,kick ______ out (of ______),~을 쫓아내다,패턴형,가능,kicked out,,,3,,,,
10879,10879,,find (the) time to ______,~할 시간을 내다,패턴형,가능,find time to,,,3,,,,
10880,10880,,make for ______,~이 되다,패턴형,가능,makes for,,,3,,,,
10881,10881,,calm ______ down,~을 진정시키다,패턴형,가능,calmed … down,,,3,,,,
10882,10882,,pave the way (for ______),길을 닦다,패턴형,가능,paved … way for,,,3,,,,
10883,10883,,get ______ across,~을 제대로 전달하다,패턴형,가능,get … across,,,3,,,,
10884,10884,,get into ______,~에 빠지다,패턴형,가능,getting into,,,3,,,,
10885,10885,,come in ______,~등을 하다,패턴형,가능,came in,,,3,,,,
10886,10886,,live through ______,~을 겪고 살아남다,패턴형,가능,lived through,,,3,,,,
10887,10887,,live by ______,~에 따라 살다,패턴형,가능,live by,,,3,,,,
10888,10888,,grab one's attention,~의 관심을 끌다,패턴형,가능,grab … attention,,,3,,,,
10889,10889,,step in,나서서 개입하다,패턴형,가능,stepped in,,,3,,,,
10890,10890,,put ______ at risk,~을 위험에 빠뜨리다,패턴형,가능,put … at risk,,,3,,,,
10891,10891,,play a ______ part,~한 역할을 하다,패턴형,가능,plays … part,,,3,,,,
10892,10892,,take control (of ______),~을 장악하다,패턴형,가능,take control,,,3,,,,
10893,10893,,get away with ______,~을 그냥 넘어가다,패턴형,가능,get away with,,,3,,,,
10894,10894,,in between ______,~ 사이에,패턴형,가능,in between,,,3,,,,
10895,10895,,have ______ to do with ______,~와 ~한 관계가 있다,패턴형,가능,has to do with,,,3,,,,
10896,10896,,go out,(전기가) 나가다,패턴형,가능,went out,,,3,,,,
10897,10897,,I've got ______,나 ~이 들어 / 났어,패턴형,가능,have got,,,3,,Y,,
10898,10898,,sit through ______,~을 끝까지 앉아서 견디다,패턴형,가능,sit through,,,3,,,,
10899,10899,,add ______ up,~을 합산하다,패턴형,가능,Add up,,,3,,,,
10900,10900,,narrow ______ down (to ______),~을 ~으로 좁히다,패턴형,가능,narrowed … down to,,,3,,,,
