id,문법(신규)학습순서,문법 학습순서,문법 유닛명,기존 핵심 문법요소,회화패턴(D열),카드 초록,유형,부가 유형,메모,trigger,문장1,문장2,문장3,문장4,문장5,문장6,문장7,문장8,어휘로 포함?,패턴 학습 포인트,판단
10018,16,16,be동사를 이용한 명령문,be명령문 Be+형용사 (Be patient),Be ~.,Be ______ .,1 한 단어 패턴,,,nice,[기본] [Be nice].,[문장1-2] [Be nice] at school.,[문장1-3] [Be nice] today.,[기본] [Be happy].,[기본] [Be quiet].,[어려운] [Be good] to me.,[어려운] [Be quiet] for a second.,[어려운] [Be proud] of yourself.,,Be,패턴화 가능
10003,18,18,일반동사를 이용한 명령문,일반동사 명령 동사원형 (Text him/Read this),Please ~.,Please ______ .,1 한 단어 패턴,,,take,[기본] [Please] take one.,[문장1-2] [Please] take one more.,[문장1-3] [Please] take one now.,[기본] [Please] help me.,[기본] [Please] come in.,[어려운] [Please] help your sister.,[어려운] [Please] close the window.,[어려운] [Please] have a seat.,,Please,패턴화 가능
10008,24,24,선택의문문,선택의문문 A or B (Is this X or Y?),Is it ~ or ~?,Is / Are + 주어 + ______ or ______ ?,5 분리 틀(고정어 사이에 빈칸),,,large,[기본] [Is it] small [or] large?,[문장1-2] [Are they] small [or] large?,[문장1-3] [Is the room] small [or] large?,[기본] [Are they] young [or] old?,[기본] [Is he] hungry [or] sleepy?,[어려운] [Is it] a cat [or] a dog?,[어려운] [Are they] friends [or] sisters?,[어려운] [Is it] Sunday [or] Monday today?,,or,패턴화 가능
10016,33,33,의문형용사 what,의문형용사 what+명사 (What languages~?),What ~ do you like?,What + 명사 + ______ ?,5 분리 틀(고정어 사이에 빈칸),,,sport,[기본] [What] sports [do you like]?,[문장1-2] [What] sports [do they like]?,[문장1-3] [What] winter sports [do you like]?,[기본] [What] animals [do you like]?,[기본] [What] kind [is] it?,[어려운] [What] school [did you] go to?,[어려운] [What] color [is] your room?,[어려운] [What] subjects [do you like]?,,What,패턴화 가능
10015,34,34,의문형용사 whose,의문형용사 whose+명사,Whose ~ is this?,Whose ______ is / are this ?,5 분리 틀(고정어 사이에 빈칸),,,drink,[기본] [Whose] drink [is this]?,[문장1-2] [Whose] drink [was this]?,[문장1-3] [Whose] drinks [are these]?,[기본] [Whose] shoes [are these]?,[기본] [Whose] cup [was this]?,[어려운] [Whose] flowers [were those]?,[어려운] [Whose] parents [are they]?,[어려운] [Whose] idea [was it]?,,Whose,패턴화 가능
10019,36,36,장소를 나타내는 전치사,장소전치사 in/on/at,It's in/on/at ~.,주어 + be동사 + in / on / at + ______ .,1 한 단어 패턴,,,library,[기본] [She's in] the library.,[문장1-2] [He's in] the library.,[문장1-3] [We're in] the library.,[기본] [They're on] the table.,[기본] [It was in] the car.,[어려운] [They were on] the desk.,[어려운] [He was in] the bathroom.,[어려운] [I'm] not [at] home.,,10019-A: be in / 10019-B: be on / 10019-C: be … at,분리 필요 → 10019-A 주어 + be동사 + in + ______ . / 10019-B 주어 + be동사 + on + ______ . / 10019-C 주어 + be동사 + at + ______ .
10020,37,37,지시형용사,지시형용사 this/that+명사,this ~ / that ~,this / that / these / those + ______,1 한 단어 패턴,,,burger,[기본] I like [this burger].,[문장1-2] She likes [this burger].,[문장1-3] I like [that burger].,"[기본] [That book] is mine, too.",[기본] Look at [that car].,[어려운] I don't need [these books].,[어려운] I really want [those tickets].,[어려운] I didn't see [those pictures].,,열린 목록 — 지시어(this / that / these / those). 단수·복수와 거리로 고르는 대비로 보면 나눌 수 있다(확인 필요),패턴화 불가
10026,40,40,Let's 청유문,Let's+동사원형,Let's ~.Let's go -ing.,Let's ______ .  /  Let's go ______ -ing .,1 한 단어 패턴,,Let's 1단어 (+ go -ing),cook,[기본] [Let's] cook!,[문장1-2] [Let's] cook together!,[문장1-3] [Let's] cook tonight!,[기본] [Let's go] swimming!,[기본] [Let's] watch TV.,[어려운] [Let's] have pasta for dinner.,[어려운] [Let's go] hiking tomorrow.,[어려운] [Let's] listen to some music.,,10026-A: Let's / 10026-B: Let's go,분리 필요 → 10026-A Let's ______ . / 10026-B Let's go ______ -ing .
10028,42,42,동사를 수식하는 부사,동사수식 부사 (replied right away),~ well/fast.,주어 + 동사 + ______ (well / fast / carefully / quickly),1 한 단어 패턴,,,teach,[기본] He [teaches well].,[문장1-2] She [teaches well].,[문장1-3] Mr. Park [teaches well].,[기본] You [play well].,[기본] [Think fast]!,[어려운] You [did] really [well].,[어려운] [Listen carefully].,[어려운] [Do] it [quickly].,,자리 규칙 — 부사·대명사가 들어가는 위치만 같다(들어가는 낱말은 매번 다르다),패턴화 불가
10030,43,43,형용사와 형태가 같은 부사,형용사형 부사 late/hard,~ early/late/hard.,주어 + 동사 + ______ (early / late / hard),1 한 단어 패턴,,,start,[기본] Let's [start early].,[문장1-2] We should [start early].,[문장1-3] Let's [start early] tomorrow.,[기본] [Go early].,[기본] She [studies hard].,[어려운] Things [change fast].,[어려운] Did you [leave early]?,[어려운] I [work late] on Mondays.,,자리 규칙 — 부사·대명사가 들어가는 위치만 같다(들어가는 낱말은 매번 다르다),패턴화 불가
10031,44,44,문장 전체를 수식하는 부사,"문장수식 부사 (Financially,~)",Maybe ~.,Maybe / Actually / Unfortunately + ______ .,1 한 단어 패턴,,,present,[기본] [Maybe] it's a present.,[문장1-2] [Maybe] it's a present for you.,[문장1-3] [Maybe] it's a present from Mom.,"[기본] I'm fine, [actually].",[기본] [Maybe] you're wrong.,"[어려운] [Actually], that's a good idea.",[어려운] [Maybe] she's not here.,"[어려운] [Unfortunately], that's not true.",,열린 목록 — 같은 자리에 같은 부류 낱말(부사·동사·대명사)이 갈아 끼워진다,패턴화 불가
10024,45,45,다른 부사를 수식하는 부사,부사수식 부사 (really easily),~ really fast.,주어 + 동사 + so / really / too + ______ .,1 한 단어 패턴,,,speak,[기본] She speaks [really fast].,[문장1-2] He speaks [really fast].,[문장1-3] My sister speaks [really fast].,[기본] You sing [so well].,[기본] He tries [too hard].,[어려운] You work [so late]!,[어려운] He did it [really quickly].,[어려운] We learned it [very easily].,,자리 규칙 — 부사·대명사가 들어가는 위치만 같다(들어가는 낱말은 매번 다르다),패턴화 불가
10032,46,46,형용사를 수식하는 부사,형용사수식 부사 (very nice/pretty old),It's very ~.,주어 + be동사 + very / really / pretty + ______ .,1 한 단어 패턴,,,loud,[기본] It's [very loud].,[문장1-2] He's [very loud].,[문장1-3] The music is [very loud].,[기본] She's [really quiet].,[기본] He's [really funny].,[어려운] It's a [pretty good] movie.,[어려운] This is a [very fast] song.,[어려운] He's a [really nice] guy.,,자리 규칙 — 부사·대명사가 들어가는 위치만 같다(들어가는 낱말은 매번 다르다),패턴화 불가
10035,49,50,all의 용법,all 용법 (all of~),all (of) ~,all (of) ______,1 한 단어 패턴,,,boat,[기본] [All of these boats] are new.,[문장1-2] [All of these boats] are old.,[문장1-3] [All of these boats] are mine.,[기본] I don't know [all the rules].,[기본] [All of us] are here.,[어려운] [All birds] have wings.,[어려운] Not [all of them] liked it.,[어려운] She spends [all of her money] on clothes.,,All,패턴화 가능
10036,50,48,명사의 불규칙 복수형,불규칙복수 men/women,These are ~,복수형 ______ (-s / feet · mice · women · fish),3 형태 변화만으로 된 패턴,,,teeth,[기본] [These are] baby teeth.,[문장1-2] [These are] my son's baby teeth.,[문장1-3] [These are] my cousin's baby teeth.,[기본] I have [five fish].,[기본] We have [mice] in our house.,[어려운] Let's ask [those women] over there.,[어려운] His [feet are] really big.,[어려운] Not all of my friends [are men].,,These,패턴화 가능
10038,51,51,of를 이용한 소유격,of 소유격 (center of the table),the ~ of ~,the ______ of the ______,5 분리 틀(고정어 사이에 빈칸),,,title,[기본] What's [the title of] the book?,[문장1-2] What's [the title of] the movie?,[문장1-3] What's [the title of] the song?,[기본] What's [the name of] that movie?,[기본] That's [the end of] the story.,[어려운] What happens at [the end of] the movie?,[어려운] Look at [the color of] that coat!,[어려운] I can't remember [the name of] this song.,,of,패턴화 가능
10041,55,55,be동사가 있을 때(빈도부사),진행 be동사 위치(빈도부사 등),She is always ~. /  /  / It's always ~.,주어 + be동사 + always / usually / never + ______ .,1 한 단어 패턴,,빈도부사(always 등) 1단어,dry,[기본] My skin [is always] dry.,[문장1-2] His skin [is always] dry.,[문장1-3] My hands [are always] dry.,[기본] [He's never] late.,[기본] [It's usually] easy.,[어려운] [She's usually] pretty nice.,[어려운] [Are they always] this quiet?,[어려운] [He's never] at home.,,자리 규칙 — 부사·대명사가 들어가는 위치만 같다(들어가는 낱말은 매번 다르다),패턴화 불가
10043,56,56,일반동사가 있을 때(빈도부사),진행/일반동사 빈도부사 (often/sometimes),I often ~. /  / I always ~.,주어 + always / often / never + ______ .,1 한 단어 패턴,,빈도부사(always 등) 1단어,answer,[기본] I [always answer] the phone.,[문장1-2] She [always answers] the phone.,[문장1-3] He [always answers] the phone.,[기본] She [never listens].,[기본] He [usually wins].,[어려운] I [usually have] enough milk.,[어려운] Do you [usually take] the bus?,[어려운] We [rarely talk] on the phone.,,자리 규칙 — 부사·대명사가 들어가는 위치만 같다(들어가는 낱말은 매번 다르다),패턴화 불가
10052,57,57,how를 이용한 감탄문,how 감탄문 How+형용사/부사+주어동사!,How ~ this is!,How ______ + 주어 + 동사 !,5 분리 틀(고정어 사이에 빈칸),,,scary,[기본] [How scary] this [is]!,[문장1-2] [How scary] this movie [is]!,[문장1-3] [How scary] this story [is]!,[기본] [How cute] she [is]!,[기본] [How beautiful] you [are]!,[어려운] [How exciting] this news [is]!,[어려운] [How sad] he [looks]!,[어려운] [How pretty] these flowers [are]!,,How,패턴화 가능
10046,59,59,what과 복수 명사를 이용한 감탄문,what 감탄 What+형용사+복수명사!,What ~ ~s!,What ______ + 복수명사 !,1 한 단어 패턴,3 형태 변화만으로 된 패턴,What + 복수명사,house,[기본] [What] big houses!,[문장1-2] [What] beautiful houses!,[문장1-3] [What] tiny houses!,[기본] [What] interesting answers!,[기본] [What] funny people!,[어려운] [What] beautiful flowers these are!,[어려운] [What] nice children you have!,[어려운] [What] kind people they are!,,What,패턴화 가능
10054,61,61,배수사로 횟수 표현하기,"배수/횟수 (once a month, four times)",once/twice a ~,once / twice a ______,4 숫자·단위·날짜,,,exercise,[기본] I exercise [once a week].,[문장1-2] He exercises [once a week].,[문장1-3] We exercise [twice a week].,[기본] We meet [twice a week].,[기본] She cuts her hair [twice a year].,[어려운] They visit me [twice a year].,[어려운] He has piano lessons [twice a week].,[어려운] I clean my room [once a month].,,열린 목록 — 같은 자리에 같은 부류 낱말(부사·동사·대명사)이 갈아 끼워진다,패턴화 불가
10060,63,63,소유대명사,소유대명사 yours/his/mine,It's mine/yours. /  / ~ is mine/yours,______ is mine / yours / his / hers,1 한 단어 패턴,,,T-shirt,[기본] This T-shirt [is mine].,[문장1-2] That T-shirt [is yours].,[문장1-3] This blue T-shirt [is mine].,[기본] [Is] this [yours]?,[기본] This one [is his].,[어려운] This purse [isn't hers].,[어려운] I think this [is his].,[어려운] Those earrings [aren't mine].,,is,패턴화 가능
10055,64,64,정각인 시각을 말하는 법,정각 시각 at five o'clock,It's ~ o'clock. /  / ~~ at ~ o'clock.,at ______ o'clock,4 숫자·단위·날짜,,,paper,[기본] The paper is due [at five o'clock].,[문장1-2] The paper is due [at three o'clock].,[문장1-3] The paper was due [at five o'clock].,[기본] See you [at one o'clock]!,[기본] The class starts [at twelve o'clock].,[어려운] Let's leave [at nine o'clock].,[어려운] I have a guitar lesson [at six o'clock].,[어려운] Let's meet at school [at seven o'clock].,,at … o'clock,패턴화 가능
10059,65,65,때를 나타내는 전치사,때 전치사 on/at (on Saturday),at ~ / on ~ / in ~,at / on / in + ______,1 한 단어 패턴,,,Thursday,[기본] See you [on Thursday].,[문장1-2] Let's meet [on Thursday].,[문장1-3] We went out [on Thursday].,[기본] Let's go [at three o'clock].,[기본] I'm busy [in the morning].,[어려운] Let's meet [on Friday morning].,[어려운] Are you busy [at twelve o'clock]?,[어려운] What are you doing [on Sunday evening]?,,10059-A: on / 10059-B: at / 10059-C: in,분리 필요 → 10059-A on + 요일·날짜 / 10059-B at + 시각 / 10059-C in + 아침·달·계절
10065,66,66,일반동사 과거 시제 I(규칙),일반동사 과거 규칙 -ed (dried/liked),I ~ed.,주어 + 동사-ed .,3 형태 변화만으로 된 패턴,,,open,[기본] [I opened] it.,[문장1-2] [She opened] it.,[문장1-3] [He opened] it.,[기본] [She cried].,[기본] [We talked] today.,[어려운] [I] really [liked] it.,[어려운] [I enjoyed] the movie.,[어려운] [The rain stopped].,,형태 규칙 — 같은 규칙으로 낱말마다 끝 모양을 바꾼다(공통된 말이 없다),패턴화 불가
10056,67,67,일반동사 과거 시제 II(불규칙),일반동사 과거 불규칙 (went/hung),I saw/met/went ~.,동사의 과거형 ______ (went · met · lost · caught · read · grew),3 형태 변화만으로 된 패턴,,,send,[기본] [I sent] an email.,[문장1-2] [She sent] an email.,[문장1-3] [He sent] an email.,[기본] [We went] home.,[기본] [He lost] his phone.,[어려운] [I read] that book twice.,[어려운] [They caught] him in the park.,[어려운] [She met] him at a cafe.,,형태 규칙 — 같은 규칙으로 낱말마다 끝 모양을 바꾼다(공통된 말이 없다),패턴화 불가
10063,69,68,시각을 말하는 다른 방법,시각 quarter/half past,It's ~ after ~. /  / ~ after ~.,[분] after [시],4 숫자·단위·날짜,,,swimming pool,[기본] The swimming pool opens at [ten after two].,[문장1-2] The swimming pool opens at [twenty after three].,[문장1-3] The swimming pool closes at [ten after five].,[기본] It's [twenty after three].,[기본] It's [five after six].,[어려운] Class starts at [twenty after nine].,[어려운] We arrived at [ten after eight].,[어려운] It's already [twenty-five after seven]!,,after,패턴화 가능
10061,70,69,정각이 아닌 시각을 말하는 법,비정각 시각 (two oh five),~ fifteen / ~ thirty (시 + 분 숫자 읽기),[시] + [분],4 숫자·단위·날짜,,,badminton,[기본] Badminton practice is at [four fifteen].,[문장1-2] Badminton practice is at [five fifteen].,[문장1-3] Badminton practice was at [three thirty].,[기본] It's [two thirty].,[기본] It's [six fifteen].,[어려운] It's already [three forty-five].,[어려운] Dinner is at [six thirty].,"[어려운] Come on, the movie starts at [seven fifteen]!",,해당없음 — 시각 읽기,패턴화 불가
10079,79,79,단위 명사,단위명사 (pieces of/cups of),a cup/glass/piece of ~,a ______ of + 명사,5 분리 틀(고정어 사이에 빈칸),,,vegetable,[기본] Drink this [glass of] vegetable juice.,[문장1-2] She drank [a glass of] vegetable juice.,[문장1-3] Drink this [glass of] fresh vegetable juice.,[기본] I had [a slice of] cake.,[기본] I need [three pieces of] paper.,[어려운] I drank [a bottle of] orange juice.,[어려운] Can I get [another cup of] coffee?,[어려운] That was [my favorite pair of] jeans.,,of,패턴화 가능
10082,80,80,what kind/sort of ~ 용법,what kind/sort of+명사,What kind of ~ do you ~,What kind of ______ do you ______ ?,5 분리 틀(고정어 사이에 빈칸),,,date,[기본] [What kind of] people [do you] date?,[문장1-2] [What kind of] people [do you] usually date?,[문장1-3] [What kind of] people [did you] date?,[기본] [What kind of] movies [do you] like?,[기본] [What kind of] car [does he] drive?,[어려운] [What kind of] music [do you] listen to?,[어려운] [What kind of] job [does she] want?,[어려운] [What kind of] dog [did you] get?,,What kind of … do,패턴화 가능
10083,81,81,some과 any의 차이,some/any 차이 (any classes),some ~ / not any ~,some ______ / not any ______,1 한 단어 패턴,,,gift,[기본] You have [some gifts].,[문장1-2] She has [some gifts].,[문장1-3] He has [some gifts].,[기본] Let's make [some pasta].,[기본] I [don't] have [any milk].,[어려운] Could we have [some more time]?,[어려운] Do you have [any other ideas]?,[어려운] She gave me [some good advice].,,10083-A: some / 10083-B: any,분리 필요 → 10083-A some ______ / 10083-B not any ______ / any ______ ?
10088,83,83,재귀대명사,재귀대명사 themselves/yourself,~ yourself.,______ + myself / yourself / himself / herself,1 한 단어 패턴,,,decide,[기본] Decide [yourself].,[문장1-2] He decided [himself].,[문장1-3] You should decide [yourself].,[기본] Do it [yourself].,[기본] She can finish it [herself].,"[어려운] If it's important, tell him [yourself].",[어려운] Can't she carry it [herself]?,[어려운] Did he write the book [himself]?,,주어에 맞춰 정해진다 — 고르는 결정이 아니다,패턴화 불가
10097,88,88,How many/much 의문문,How many/much 의문,How many ~ do you have? /  / How many ~ do you ~?,How many / much ______ ?,5 분리 틀(고정어 사이에 빈칸),,,channel,[기본] [How many] channels [do you] get?,[문장1-2] [How many] channels [do you] watch?,[문장1-3] [How many] channels [do you] get now?,[기본] [How much] milk is there?,[기본] [How much] time [did it] take?,[어려운] [How much] sugar [did you] put in this?,[어려운] [How many] people came to the party?,[어려운] [How many] languages can you speak?,,10097-A: How many / 10097-B: How much,분리 필요 → 10097-A How many ______ ? / 10097-B How much ______ ?
10099,90,90,How + 형용사/부사 의문문,How+형용사/부사 의문 (How often/long),How often do you ~? /  /  /  / How ~ is ~?,How + 형용사 / 부사 + ______ ?,5 분리 틀(고정어 사이에 빈칸),,,safety,[기본] [How important is] safety?,[문장1-2] [How important is] safety to you?,[문장1-3] [How important is] safety here?,[기본] [How old is] he?,[기본] [How hot is] the sun?,[어려운] [How often do you] see her?,[어려운] [How expensive is] an apartment in New York?,[어려운] [How fast] can you get to school?,,How,패턴화 가능
10102,92,92,too/either 긍정문/부정문,"too/either 긍정부정 (~,either)",I ~ too. / I don't ~ either.,"______ , too. / ______ , either.",5 분리 틀(고정어 사이에 빈칸),,,ring,"[기본] [I] prefer this ring, [too].","[문장1-2] [She] prefers this ring, [too].","[문장1-3] [I] prefer this gold ring, [too].","[기본] [I don't] like math, [either].","[기본] Did you not like it, [either]?","[어려운] Did [he] go out, [too]?","[어려운] [I didn't] go to the concert, [either].",[어려운] I'm not happy about it [either].,,10102-A: too / 10102-B: don't … either,"분리 필요 → 10102-A ______ , too. / 10102-B ______ not ~ , either."
10111,95,95,관용적인 수사 표현,관용 수사 (tens of thousands),thousands of ~,hundreds / thousands of ______,4 숫자·단위·날짜,,,conference,[기본] [Hundreds of] people came to the conference.,[문장1-2] [Thousands of] people came to the conference.,[문장1-3] [Hundreds of] students came to the conference.,[기본] [Thousands of] dollars are missing.,[기본] They have [millions of] fans.,[어려운] There were tens of [thousands of] birds.,[어려운] Hundreds of [thousands of] people showed up.,[어려운] He made [hundreds of] millions of dollars.,,of,패턴화 가능
10087,96,96,형용사처럼 쓰이는 every,every+단수명사 (Every meeting),Every ~ ...,Every ______ + 동사,1 한 단어 패턴,,,detail,[기본] [Every detail] matters.,[문장1-2] [Every small detail] matters.,[문장1-3] [Every detail] is important.,[기본] [Every child] needs love.,[기본] [Every parent] knows that.,[어려운] [Every student] in town knows him.,[어려운] She made [every bag] herself.,[어려운] We asked [every teacher] their opinion.,,Every,패턴화 가능
10114,97,97,every로 시작하는 대명사,every 대명사 (everyone/everywhere),Everyone/Everything ~,Everyone / Everything + 단수동사,1 한 단어 패턴,,,experiment,[기본] [Everyone] did the experiment.,[문장1-2] [Everyone] finished the experiment.,[문장1-3] [Everyone] saw the experiment.,[기본] Where is [everybody] going?,[기본] Is [everything] okay?,[어려운] [Everyone] ate dinner together yesterday.,[어려운] Not [everyone] was here yesterday.,[어려운] [Everything] in this room is mine.,,열린 목록 — 같은 자리에 같은 부류 낱말(부사·동사·대명사)이 갈아 끼워진다,패턴화 불가
10118,101,101,부사로 쓰이는 each,부사 each (one each),~ dollars each.,______ each,1 한 단어 패턴,,,exact,[기본] The exact price is ten [dollars each].,[문장1-2] The exact price is five [dollars each].,[문장1-3] The exact price is six [dollars each].,[기본] Let's eat one [each].,[기본] They're five [dollars each].,[어려운] We paid ten [dollars each].,[어려운] You can have one sandwich [each].,[어려운] They sell cookies for a [dollar each].,,each,패턴화 가능
10127,105,105,전치사를 이용해 두 목적어의 위치 바꾸기,전치사로 목적어 위치 (a question of him),I got this for you. /  /  / I got this ~ for you.,주어 + 동사 + 목적어 + for / to + ______ .,5 분리 틀(고정어 사이에 빈칸),,,drink,[기본] I [got] this drink [for you].,[문장1-2] I [got] this drink [for her].,[문장1-3] I [got] this drink [for him].,[기본] She [made] cookies [for us].,[기본] I [passed] the ball [to her].,[어려운] My boss [bought] dinner [for everyone].,[어려운] I [saved] the last one [for you].,[어려운] She [sent] the money [to me].,,10127-A: for / 10127-B: to,분리 필요 → 10127-A 주어 + 동사 + 목적어 + for + 사람 . / 10127-B 주어 + 동사 + 목적어 + to + 사람 .
10160,122,122,부정대명사 one,부정대명사 one,a ~ one,a(n) ______ one,5 분리 틀(고정어 사이에 빈칸),,,plastic,[기본] This is [a plastic one].,[문장1-2] That is [a plastic one].,[문장1-3] It is [a plastic one].,[기본] Can I have [this one]?,[기본] I need [a better one].,[어려운] I'll take [a red one].,[어려운] I'll buy you [a good one].,[어려운] [Which one] should I choose?,,one,패턴화 가능
10161,123,123,부정대명사 one의 복수형,one 복수 ones,~ ones,the ______ ones,5 분리 틀(고정어 사이에 빈칸),,,organize,[기본] I'll organize [the new ones].,[문장1-2] He'll organize [the new ones].,[문장1-3] She'll organize [the new ones].,[기본] You need [new ones].,[어려운] Let's get [these ones].,[기본] We prefer [these ones].,[어려운] I like the [blue ones] more.,[어려운] I'll take the [smaller ones].,,ones,패턴화 가능
10172,125,125,the same + 명사 + as 용법,the same+명사+as,the same ~ as me,the same ______ as ______,5 분리 틀(고정어 사이에 빈칸),,,middle school,[기본] He goes to [the same] middle school [as] me.,[문장1-2] She goes to [the same] middle school [as] me.,[문장1-3] He goes to [the same] middle school [as] us.,[기본] I don't like [the same] things [as] my friends.,[기본] You have [the same] job [as] my dad.,[어려운] My parents don't speak [the same] language [as] us.,[어려운] You have [the same] name [as] my brother.,[어려운] They have [the same] problems [as] us.,,same … as,패턴화 가능
10186,131,131,few와 little 구분하기,few/little,few ~ / little ~,few / little ______,1 한 단어 패턴,,,author,[기본] There are [few bad authors].,[문장1-2] There are [few famous authors].,[문장1-3] There are [few young authors].,[기본] There is [little hope].,[기본] We have very [little time].,[어려운] I have [little interest] in music.,[어려운] He has very [few friends].,[어려운] I have [little doubt] about that.,,10186-A: few / 10186-B: little,분리 필요 → 10186-A few ______ / 10186-B little ______
10195,135,135,상태를 나타내는 동사,상태동사,Stay ~./ Keep ~.,stay / keep + ______ (형용사),1 한 단어 패턴,,,calm,[기본] [Stay calm].,"[문장1-2] Everyone, [stay calm].",[문장1-3] Let's [stay calm].,[기본] [Keep quiet].,[기본] Let's not [stay angry].,[어려운] Drink plenty of water to [stay cool].,[어려운] I built a fire to [keep warm].,[어려운] Let's [stay positive].,,열린 목록 — 같은 자리에 같은 부류 낱말(부사·동사·대명사)이 갈아 끼워진다,패턴화 불가
10196,136,136,상태의 변화를 나타내는 동사,상태변화동사 (turned/grew),He got/became ~.,become / get / turn + ______,1 한 단어 패턴,,,nurse,[기본] He [became a nurse].,[문장1-2] She [became a nurse].,[문장1-3] They [became nurses].,[기본] She [got sick].,[기본] I [got bored].,[어려운] Her face [turned red].,[어려운] I [got better] in the hospital.,[어려운] We [became best friends].,,열린 목록 — 같은 자리에 같은 부류 낱말(부사·동사·대명사)이 갈아 끼워진다,패턴화 불가
10218,143,143,조건을 나타내는 if,조건 if절,"If ~, ...","If + 주어 + 현재형 , 주어 + will ______",2 관계사·접속사(뒤에 절),,,course,"[기본] [If] you can, take this course.","[문장1-2] [If] he can, he should take this course.","[문장1-3] [If] she can, she should take this course.","[기본] [If] I find it, I'll call you.","[기본] [If] you go, I go.","[어려운] [If] you cook, I'll clean.","[어려운] [If] it rains, you can stay home.","[어려운] [If] she sees us, she'll be mad.",,If,패턴화 가능
10251,147,147,too ~ to부정사 패턴,too~to부정사,I'm too ~ to ….,too ______ to ______,5 분리 틀(고정어 사이에 빈칸),,,walk,[기본] I'm [too tired to] walk the dog.,[문장1-2] He's [too tired to] walk the dog.,[문장1-3] She's [too tired to] walk the dog.,[기본] He's [too short to] play basketball.,[기본] It was [too loud to] have a conversation.,[어려운] I'm [too tired to] cook dinner.,[어려운] They look [too different to] be brothers.,[어려운] You're working [too slowly to] finish on time.,,too … to,패턴화 가능
10245,150,150,both의 용법,both 용법,both (of) ~,both (of) ______,1 한 단어 패턴,,,slice,[기본] I ate [both slices].,[문장1-2] He ate [both slices].,[문장1-3] She ate [both slices].,[기본] [Both ideas] are good.,[기본] [Both of the cars] are black.,[어려운] [Both of my parents] are sixty.,[어려운] He lost [both of his socks].,[어려운] I applied to [both schools].,,both,패턴화 가능
10282,152,152,형용사처럼 쓰이는 to부정사,형용사적 to부정사 (place to visit),someone/something to ~,명사 + to ______,1 한 단어 패턴,,,hug,[기본] I need [someone to] hug.,[문장1-2] He needs [someone to] hug.,[문장1-3] She needs [someone to] hug.,[기본] We need [time to] practice.,[기본] There's [nothing to] do here.,[어려운] He has [no time to] rest.,[어려운] There's [nothing to] eat here.,[어려운] Could you get me [something to] drink?,,to,패턴화 가능
10254,155,154,의문사와 to부정사가 결합한 형태,의문사+to부정사 (how to),know how to ~.,의문사 + to ______,2 관계사·접속사(뒤에 절),,,improve,[기본] I [know how to] improve.,[문장1-2] He [knows how to] improve.,[문장1-3] She [knows how to] improve.,[기본] I don't [know what to] do.,[기본] Do you [know who to] ask?,[어려운] I [know how to] protect myself.,[어려운] I don't [know when to] tell them.,[어려운] Do you [know where to] park?,,to,패턴화 가능
10260,156,155,주어로 쓰이는 to부정사,주어 to부정사 (To love is~),To ~ is ...,To ______ is ______ .,5 분리 틀(고정어 사이에 빈칸),,,illness,[기본] [To prevent] that illness [is] not easy.,[문장1-2] [To prevent] this illness [is] not easy.,[문장1-3] [To prevent] that illness [was] not easy.,[기본] [To go] alone [is] very brave.,[어려운] [To stop] her [would be] silly.,[어려운] [To pass] without studying [is] unlikely.,[기본] [To ask] again [would be] rude.,[어려운] [To buy] it [would be] a waste of money.,,To … is,패턴화 가능
10266,163,162,의문형용사 which,의문형용사 which+명사,Which ~ do you want?,Which ______ ?,5 분리 틀(고정어 사이에 빈칸),,,truck,[기본] [Which truck] do you want?,[문장1-2] [Which truck] does he want?,[문장1-3] [Which truck] does she want?,[기본] [Which seat] is mine?,[기본] [Which one] is easier?,[어려운] [Which cake] should we buy?,[어려운] [Which room] did you book?,[어려운] [Which one] can we afford?,,Which,패턴화 가능
10285,164,163,because의 용법,because 이유절,~ because ...,______ because ______,2 관계사·접속사(뒤에 절),,,illegal,[기본] It's illegal [because] it's dangerous.,[문장1-2] That's illegal [because] it's dangerous.,[문장1-3] This is illegal [because] it's dangerous.,[기본] She's crying [because] she's losing.,[기본] I like them [because] they're funny.,[어려운] We stayed home [because] it was so cold.,[어려운] I bought it [because] it was cheap.,[어려운] I agreed [because] I didn't want to argue.,,because,패턴화 가능
10284,165,164,more를 이용한 비교급,more 비교급,more ~ than ...,more ______ than ______,5 분리 틀(고정어 사이에 빈칸),,,rice,[기본] Noodles are [more expensive than] rice.,[문장1-2] Bread is [more expensive than] rice.,[문장1-3] Noodles were [more expensive than] rice.,[기본] I was [more stressed than] him.,[기본] He reads [more slowly than] her.,[어려운] His injuries were [more severe than] hers.,[어려운] This test was [more difficult than] the last one.,[어려운] Was he [more prepared] this time?,,more … than,패턴화 가능
10299,167,166,원급 + est 최상급,원급+est 최상급,the ~est,the ______est,3 형태 변화만으로 된 패턴,,,basket,[기본] This is [the smallest] basket.,[문장1-2] That is [the smallest] basket.,[문장1-3] This is [the biggest] basket.,[기본] He's [the tallest] boy in my class.,[기본] She's [the smartest] person here.,[어려운] He's [the nicest] person in the world.,[어려운] That was [the happiest] day of my life.,[어려운] It's [the biggest] house on the street.,,형태 규칙 — 같은 규칙으로 낱말마다 끝 모양을 바꾼다(공통된 말이 없다),패턴화 불가
10270,168,167,원급 + er 비교급,원급+er 비교급,~er than ~,______er than ______,3 형태 변화만으로 된 패턴,,,quick,[기본] He's [quicker than] me.,[문장1-2] She's [quicker than] me.,[문장1-3] They're [quicker than] me.,[기본] She's [taller than] me.,[기본] He's [bigger than] her.,[어려운] Yours is [nicer than] mine.,[어려운] These ones are [prettier than] those ones.,[어려운] This test was [harder than] the last one.,,형태 규칙 — 같은 규칙으로 낱말마다 끝 모양을 바꾼다(공통된 말이 없다),패턴화 불가
10296,169,추가1,원급 + er 비교급,,~er than,______er than ______,3 형태 변화만으로 된 패턴,,,violin,[기본] His violin is [nicer than] mine is.,[문장1-2] Her violin is [nicer than] mine is.,[문장1-3] His violin is [nicer than] yours is.,[기본] You're [stronger than] he is.,[기본] Mike's [friendlier than] she is.,[어려운] This one's [bigger than] that one was.,[어려운] This movie's [scarier than] his last one was.,[어려운] He can jump [higher than] I can.,,형태 규칙 — 같은 규칙으로 낱말마다 끝 모양을 바꾼다(공통된 말이 없다),패턴화 불가
10312,172,170,명사를 수식하는 분사,명사수식 분사 (burnt ones),retired (과거분사) ~,______(과거분사 / 현재분사) + 명사,3 형태 변화만으로 된 패턴,,,pilot,[기본] He's a [retired pilot].,[문장1-2] She's a [retired pilot].,[문장1-3] They're [retired pilots].,[기본] He fixed my [broken glasses].,[기본] She picked up the [crying baby].,[어려운] The [barking dog] scared my sister.,[어려운] Do you know the [girl playing] the piano?,[어려운] Any [food made] by her is excellent.,,10312-A: 형태 규칙 — 현재분사(-ing)·과거분사 꼴만 같고 들어가는 낱말은 매번 다르다 / 10312-B: 형태 규칙 — 현재분사(-ing)·과거분사 꼴만 같고 들어가는 낱말은 매번 다르다,분리 필요 → 10312-A ______(과거분사) + 명사 / 10312-B ______(현재분사) + 명사
10372,173,171,비교급의 강조,비교급 강조 (way/much more),much ~er than ...,much / a lot + ______er than ______,3 형태 변화만으로 된 패턴,,,pork,[기본] Chicken is [much cheaper than] pork.,[문장1-2] Fish is [much cheaper than] pork.,[문장1-3] Chicken was [much cheaper than] pork.,[기본] She's [much faster than] me.,[기본] He's [a lot older than] her.,[어려운] This is [even more important than] that.,[어려운] It's [a lot heavier than] it looks.,[어려운] She's [far more creative than] I am.,,형태 규칙 — 같은 규칙으로 낱말마다 끝 모양을 바꾼다(공통된 말이 없다),패턴화 불가
10310,175,173,비교급 + and + 비교급 패턴,비교급 and 비교급 (more and more),~er and ~er,______er and ______er,3 형태 변화만으로 된 패턴,,,rare,[기본] They're getting [rarer and rarer].,[문장1-2] It's getting [rarer and rarer].,[문장1-3] These are getting [rarer and rarer].,[기본] It's getting [colder and colder].,[기본] The music got [louder and louder].,[어려운] Her tests are getting [more and more difficult].,[어려운] My headaches are getting [worse and worse].,[어려운] The sky turned [darker and darker] before the storm.,,형태 규칙 — 같은 규칙으로 낱말마다 끝 모양을 바꾼다(공통된 말이 없다),패턴화 불가
10313,176,174,감정을 나타내는 분사,감정분사 (excited/exciting),~ is/was interesting,사물 + is ______ing  ↔  사람 + is ______ed,3 형태 변화만으로 된 패턴,,,introduction,[기본] The introduction [was interesting].,[문장1-2] His introduction [was interesting].,[문장1-3] The introduction [is interesting].,[기본] [That's] so [exciting]!,[기본] It [was] so [boring].,[어려운] [I'm] so [excited] to see you!,[어려운] I [was] really [surprised] to see her there.,[어려운] We [were] all [exhausted] by the end.,,10313-A: was / 10313-B: be,분리 필요 → 10313-A 사물 + be동사 + ______ -ing / 10313-B 사람 + be동사 + ______ -ed
10330,186,184,날짜를 읽는 법,날짜 읽기,It's [month] [date].,It’s + [월] + [서수] .,4 숫자·단위·날짜,,,February,[기본] [It's February third].,[문장1-2] [It's February fourth].,[문장1-3] [It was February third].,[기본] [My birthday is November fourth].,[기본] [That was on May twenty-first].,[어려운] We got married on [the eighth of August].,[어려운] It's celebrated on [December twenty-fifth].,[어려운] We're flying to France on [September twenty-second].,,형태 규칙 — 같은 규칙으로 낱말마다 끝 모양을 바꾼다(공통된 말이 없다),패턴화 불가
10327,187,185,every + 기수 + 복수 명사,every+기수+복수명사,every ~ hours,every ______ + 시간 단위,4 숫자·단위·날짜,,,glass,[기본] Drink a glass [every] two [hours].,[문장1-2] Let's drink a glass [every] two [hours].,[문장1-3] Drink a glass [every] three [hours].,[기본] The bell rings [every] fifteen [minutes].,[기본] I visit my parents [every] six [months].,[어려운] Take a break [every] twenty [minutes].,[어려운] Check the temperature [every] thirty [seconds].,[어려운] We get together [every] two [months].,,every,패턴화 가능
10323,188,186,every + 서수 + 단수 명사,every+서수+단수명사,every second ~,every ______(서수) + 명사,4 숫자·단위·날짜,,,host,[기본] They host parties [every second] Saturday.,[문장1-2] He hosts parties [every second] Saturday.,[문장1-3] They host parties [every second] Sunday.,[기본] We get paid [every second] Friday.,[기본] She gets [every fourth] day off.,[어려운] We put lights in [every third] window.,[어려운] They're replaced [every fourth] year.,[어려운] They only come out [every seventeenth] year.,,형태 규칙 — 같은 규칙으로 낱말마다 끝 모양을 바꾼다(공통된 말이 없다),패턴화 불가
10331,191,189,의미상 주어: for + 목적격,의미상주어 for+목적격,It's ~ for you to ...,It's ______ for ______ to ______ .,5 분리 틀(고정어 사이에 빈칸),,,reasonable,[기본] [It's] reasonable [for] you [to] be upset.,[문장1-2] [It's] reasonable [for] him [to] be upset.,[문장1-3] [It's] reasonable [for] her [to] be upset.,[기본] [It's] important [for] you [to] relax.,[기본] [It's] hard [for] me [to] wake up early.,[어려운] [It's] normal [for] babies [to] cry a lot.,[어려운] [It's] not good [for] you [to] exercise so much.,[어려운] [It's] not easy [for] him [to] express himself.,,be … for … to,패턴화 가능
10336,193,191,to부정사 - 가목적어 it,가목적어 it+to부정사,I find it ~ to ...,find it ______ to ______,5 분리 틀(고정어 사이에 빈칸),,,adapt,[기본] I [find it difficult to] adapt.,[문장1-2] He [finds it difficult to] adapt.,[문장1-3] She [finds it difficult to] adapt.,[기본] He [finds it hard to] wake up early.,[기본] She [finds it easy to] make new friends.,[어려운] Some people [find it hard to] focus at night.,[어려운] Do you [find it hard to] lose weight?,[어려운] I [found it hard to] believe her story.,,find it … to,패턴화 가능
10341,198,196,형용사처럼 쓰이는 another와 other,another/other 형용사,another ~ / other ~s,another ______ / other ______s,1 한 단어 패턴,,,exhibition,[기본] There's [another] exhibition upstairs.,[문장1-2] There's [another] exhibition downstairs.,[문장1-3] There was [another] exhibition upstairs.,[기본] Do they have [other] colors?,[기본] That's [another] good example.,[어려운] The [other] class finished early.,[어려운] I'll give you [another] ten minutes.,[어려운] Any [other] questions before we start?,,10341-A: another / 10341-B: other,분리 필요 → 10341-A another ______ / 10341-B other ______s
10339,199,197,one ~ the other 패턴,one~the other,"One is ~, the other is ...","One is ______ , the other is ______ .",5 분리 틀(고정어 사이에 빈칸),,,painter,[기본] [One is] a painter. [The other is] a writer.,[문장1-2] [One is] a painter. [The other is] a singer.,[문장1-3] [One is] a painter. [The other is] a teacher.,[기본] [One is] mine and [the other is] yours.,[기본] [One is] red and [the other is] blue.,"[어려운] [One is] friendly, but [the other is] shy.","[어려운] [One] sold quickly, but [the other] didn't.","[어려운] [One] works, but [the other] doesn't.",,One … other,패턴화 가능
10340,200,198,some ~ others 패턴,some~others,Some ~. Others ...,Some ______ . Others ______ .,5 분리 틀(고정어 사이에 빈칸),,,chef,[기본] [Some] chefs follow recipes. [Others] don't.,[문장1-2] [Some] chefs follow rules. [Others] don't.,[문장1-3] [Some] chefs followed recipes. [Others] didn't.,[기본] [Some] kids talk a lot. [Others] don't.,[기본] [Some] people love winter. [Others] hate it.,[어려운] [Some] people like coffee. [Others] like tea.,[어려운] [Some] students are ready for the test. [Others] aren't.,[어려운] [Some] people like dogs. [Others] like cats.,,Some … Others,패턴화 가능
10345,201,199,some ~ the others 패턴,some~the others,"Some ~, the others ...","Some ______ , the others ______ .",5 분리 틀(고정어 사이에 빈칸),,,impress,"[기본] [Some] impressed me, but [the others] didn't.","[문장1-2] [Some] impressed him, but [the others] didn't.","[문장1-3] [Some] impressed her, but [the others] didn't.","[기본] [Some] were wrapped, but [the others] weren't.","[기본] [Some] of them liked it, but [the others] didn't.","[어려운] [Some] glasses were broken, but [the others] were fine.","[어려운] [Some] of them were spicy, but [the others] weren't.","[어려운] [Some] questions were easy, but [the others] were hard.",,Some … others,패턴화 가능
10344,202,200,주의해야 할 명사의 수,주의 명사의 수 (ten-story),fifteen-week ~,[숫자]-[단위] + ______  (four-leaf / five-minute / three-hour),4 숫자·단위·날짜,,,semester,[기본] We have [fifteen-week] semesters.,[문장1-2] They have [fifteen-week] semesters.,[문장1-3] We had [fifteen-week] semesters.,[기본] I found a [four-leaf] clover.,[기본] Let's take a [five-minute] break.,[어려운] She has a [six-month-old] baby.,[어려운] We're planning a [four-day] trip.,[어려운] We just had a [three-hour] meeting.,,형태 규칙 — 같은 규칙으로 낱말마다 끝 모양을 바꾼다(공통된 말이 없다),패턴화 불가
10351,209,207,타동사의 목적어로 쓰이는 동명사,타동사목적어 동명사 (start exercising),Stop ~ing.,stop / enjoy / finish + ______ -ing,3 형태 변화만으로 된 패턴,,,hesitate,[기본] [Stop hesitating].,[문장1-2] Let's [stop hesitating].,[문장1-3] He should [stop hesitating].,[기본] I've [finished cleaning] the kitchen.,[기본] She [enjoys painting] in her free time.,[어려운] I've [started exercising] before work.,[어려운] I don't [remember locking] the front door.,"[어려운] [Stop making] that noise, would you?",,형태 규칙 — 같은 규칙으로 낱말마다 끝 모양을 바꾼다(공통된 말이 없다),패턴화 불가
10364,215,213,주어로 쓰이는 동명사,주어 동명사 (Listening helps),~ing takes time.,______ -ing + 동사,3 형태 변화만으로 된 패턴,,,master,[기본] [Mastering] a language [takes time].,[문장1-2] [Mastering] a skill [takes time].,[문장1-3] [Mastering] an instrument [takes time].,[기본] [Cooking] for my friends [makes] me happy.,[기본] [Learning] to drive [takes] patience.,[어려운] [Smoking isn't] good for your health.,[어려운] Does [traveling] alone [make] you nervous?,[어려운] [Is eating] at night bad for you?,,형태 규칙 — 같은 규칙으로 낱말마다 끝 모양을 바꾼다(공통된 말이 없다),패턴화 불가
10361,217,215,보어절을 이끄는 that,보어절 that (news is that~),~ is that ~.,The ______ is that ______ .,2 관계사·접속사(뒤에 절),,,principal,[기본] The problem [is that] the principal disagrees with us.,[문장1-2] The problem [is that] the principal disagrees with me.,[문장1-3] The problem [is that] the principal disagrees with her.,[기본] The truth [is that] I forgot.,[기본] My complaint [is that] nobody told us.,[어려운] The important thing [is that] you're safe.,[어려운] The good news [is that] everyone passed.,[어려운] My concern [is that] we'll run out of time.,,is that,패턴화 가능
10365,219,217,형용사의 후치 수식,형용사 후치수식 (someone reliable),something ~,something / nothing / someone / somewhere + ______,1 한 단어 패턴,,,cabin,[기본] I found [something interesting] at the cabin.,[문장1-2] He found [something interesting] at the cabin.,[문장1-3] She found [something interesting] at the cabin.,[기본] There's [nothing wrong] with that.,[기본] There's [something strange] going on.,[어려운] We need [someone reliable] for this job.,[어려운] You should bring [something warm] to wear.,[어려운] Let's find [somewhere quiet] to talk.,,자리 규칙 — 부사·대명사가 들어가는 위치만 같다(들어가는 낱말은 매번 다르다),패턴화 불가
10367,221,219,less + 원급 + than 패턴,less+원급+than,less ~ than ...,less ______ than ______,5 분리 틀(고정어 사이에 빈칸),,,reliable,[기본] He's [less] reliable [than] her.,[문장1-2] She's [less] reliable [than] him.,[문장1-3] He's [less] reliable [than] me.,[기본] These are [less] spicy [than] those.,[기본] His story was [less] interesting [than] hers.,[어려운] Their newest model is [less] expensive [than] ours.,[어려운] This road is [less] busy [than] the highway.,[어려운] Her second album was [less] popular [than] her first.,,less … than,패턴화 가능
10363,222,220,need ~ing 표현,need ~ing (needs cleaning),~ needs ~ing.,______ needs ______ -ing,3 형태 변화만으로 된 패턴,,,pot,[기본] The pots [need cleaning].,[문장1-2] The pot [needs cleaning].,[문장1-3] My pots [need cleaning].,[기본] This system [needs fixing].,[기본] Do the flowers [need watering]?,[어려운] My car really [needs washing].,[어려운] The whole room [needs painting].,[어려운] The roof will [need replacing] soon.,,형태 규칙 — 같은 규칙으로 낱말마다 끝 모양을 바꾼다(공통된 말이 없다),패턴화 불가
10369,224,222,동명사와 to부정사의 의미 차이,동명사vs to부정사 의미차 (regret),stop ~ing / stop to ~,stop ______ -ing / stop to ______,3 형태 변화만으로 된 패턴,,,grain,[기본] I stopped [eating] grains.,[문장1-2] He stopped [eating] grains.,[문장1-3] She stopped [eating] grains.,[기본] He stopped [to buy] some coffee.,[기본] I regret [telling] her the truth.,[어려운] Remember [to call] your mother tonight.,[어려운] I remember [meeting] him last time.,[어려운] I'll never forget [seeing] her for the first time.,,10369-A: stopped / 10369-B: stopped to / 10369-C: regret / 10369-D: Remember to / 10369-E: remember / 10369-F: forget,분리 필요 → 10369-A stop ______ -ing / 10369-B stop to ______ / 10369-C regret ______ -ing / 10369-D remember to ______ / 10369-E remember ______ -ing / 10369-F forget ______ -ing
10374,228,226,"the + 비교급, the + 비교급 패턴","the 비교급, the 비교급","The more ~, the more ...","The ______er , the ______er",5 분리 틀(고정어 사이에 빈칸),,,philosophy,"[기본] [The more] philosophy I read, [the less] I understand.","[문장1-2] [The more] philosophy he reads, [the less] he understands.","[문장1-3] [The more] philosophy I read, [the more] I understand.","[기본] [The sooner] you leave, [the better].","[기본] [The quicker] he learns, [the better].","[어려운] [The colder] it gets, [the more] layers I wear.","[어려운] [The harder] he tried, [the worse] it got.","[어려운] [The more] you practice, [the easier] it becomes.",,형태 규칙 — 같은 규칙으로 낱말마다 끝 모양을 바꾼다(공통된 말이 없다),패턴화 불가
10376,229,227,분사구문의 용법,분사구문,"~ing, S+V","______ -ing / ______(과거분사) , 주어 + 동사 .",3 형태 변화만으로 된 패턴,,,scarf,"[기본] [Wearing] a warm scarf, she walked to school.","[문장1-2] [Wearing] a warm scarf, he walked to school.","[문장1-3] [Wearing] a warm scarf, they walked to school.","[기본] [Smiling] to himself, he left the room.","[기본] [Feeling] tired, he went to bed early.","[어려운] [Frightened] by the noise, the cat ran away.","[어려운] [Exhausted] from a long day, she fell asleep.","[어려운] [Criticized] by everyone, he decided to quit.",,10376-A: 형태 규칙 — 현재분사(-ing)·과거분사 꼴만 같고 들어가는 낱말은 매번 다르다 / 10376-B: 형태 규칙 — 현재분사(-ing)·과거분사 꼴만 같고 들어가는 낱말은 매번 다르다,"분리 필요 → 10376-A ______ -ing , 주어 + 동사 . / 10376-B ______(과거분사) , 주어 + 동사 ."
10380,232,230,as + 원급 + as를 이용한 비교,as~as 원급비교,Please come as ~ as possible.,as ______ as ______,5 분리 틀(고정어 사이에 빈칸),,,lobby,[기본] Please come to the lobby [as] quickly [as possible].,[문장1-2] Please come to the lobby [as] soon [as possible].,[문장1-3] Please come to the lobby [as] quietly [as possible].,[기본] She's [as] tall [as] me now!,[기본] Yours is just [as] heavy [as] mine.,[어려운] He's [as] strong [as] a horse.,[어려운] He didn't play [as] well [as] you did.,[어려운] Book your flight [as] early [as possible].,,as,패턴화 가능
10382,233,231,as + 원급 + as의 부정문,as~as 부정,not as ~ as ...,not as ______ as ______,5 분리 틀(고정어 사이에 빈칸),,,doughnut,[기본] My doughnut [isn't as] good [as] yours.,[문장1-2] My doughnut [isn't as] good [as] hers.,[문장1-3] His doughnut [isn't as] good [as] yours.,[기본] Today [isn't as] cold [as] yesterday.,[기본] We [aren't as] fast [as] them.,[어려운] The movie [wasn't as] good [as] the book.,[어려운] This album [isn't as] popular [as] his last one.,[어려운] Their coffee's [not as] strong [as] I like.,,isn't as,패턴화 가능
10383,234,232,시간을 나타내는 접속사,시간접속사 (after/when),when/while/before ~,when / while / before / until / since + 주어 + ______,2 관계사·접속사(뒤에 절),,,detective,[기본] Call the detective [when] you find something.,[문장1-2] Call the detective [when] he finds something.,[문장1-3] Call the detective [when] she finds something.,[기본] I'll wait here [while] you get ready.,[기본] Brush your teeth [before] you go to bed.,[어려운] I'll call you [when] I get there.,[어려운] Let's wait here [until] the rain stops.,[어려운] She's been much happier [since] she changed jobs.,,열린 목록 — 같은 자리에 접속사·관계사가 갈아 끼워진다,패턴화 불가
10385,236,234,주격 관계대명사 that,주격관계대명사 that,~ that ...,명사 + that + 동사,2 관계사·접속사(뒤에 절),,,increase,[기본] I want a job [that offers] regular pay increases.,[문장1-2] He wants a job [that offers] regular pay increases.,[문장1-3] She wants a job [that offers] regular pay increases.,[기본] This is a team [that] never [gives up].,[기본] That's the bus [that goes] downtown.,[어려운] We booked rooms [that face] the ocean.,[어려운] I want a camera [that takes] better videos.,[어려운] This is a show [that] never [disappoints].,,that,패턴화 가능
10387,237,235,주격 관계대명사 which,주격관계대명사 which,a ~ which ...,명사(사물) + which + 동사,2 관계사·접속사(뒤에 절),,,breakthrough,[기본] They made a breakthrough [which changed] everything.,[문장1-2] He made a breakthrough [which changed] everything.,[문장1-3] They made a breakthrough [which changed] the world.,[기본] This is the car [which broke down] yesterday.,[기본] I chose the one [which looked] best.,[어려운] The window [which faces] the garden is broken.,[어려운] He owns a restaurant [which has] amazing reviews.,[어려운] She wrote a book [which became] very popular.,,which,패턴화 가능
10388,238,236,주격 관계대명사 who,주격관계대명사 who,a ~ who ...,명사(사람) + who + 동사,2 관계사·접속사(뒤에 절),,,historian,[기본] He's a historian [who studies] ancient cities.,[문장1-2] She's a historian [who studies] ancient cities.,[문장1-3] He's a historian [who studies] ancient wars.,[기본] I know a guy [who speaks] five languages.,[기본] That's the girl [who won] the contest.,[어려운] Let's find someone [who knows] the area.,[어려운] People [who exercise] sleep much better.,[어려운] He's the type of guy [who] never [quits].,,who,패턴화 가능
10389,239,237,소유격 관계대명사 whose,소유격관계대명사 whose,~ whose ...,명사 + whose + 명사,2 관계사·접속사(뒤에 절),,,ruler,[기본] He's the one [whose] ruler I lost.,[문장1-2] She's the one [whose] ruler I lost.,[문장1-3] He's the one [whose] ruler we lost.,[기본] That's the guy [whose] dog bit me.,[기본] He's the one [whose] sister you met.,[어려운] He's the one [whose] dad is a baseball player.,[어려운] That was the woman [whose] house we bought.,[어려운] I met a guy [whose] son plays professional hockey.,,whose,패턴화 가능
10390,240,243,목적격 관계대명사 that,목적격관계대명사 that,the ~ that ~,the 명사 + that + 주어 + 동사,2 관계사·접속사(뒤에 절),5 분리 틀(고정어 사이에 빈칸),선행사 the ~ 와 관계사가 떨어짐,concern,[기본] This is [the] main concern [that] I have.,[문장1-2] This is [the] main concern [that] he has.,[문장1-3] This is [the] main concern [that] she has.,[기본] This is [the] book [that] I mentioned.,[기본] [The] kids [that] I teach are wonderful.,[어려운] [The] photos [that] you took look amazing!,[어려운] That's [the] restaurant [that] we visited last summer.,[어려운] [The] songs [that] they played were terrible.,,that,패턴화 가능
10393,241,244,목적격 관계대명사 which,목적격관계대명사 which,the ~ which ~,the 명사 + which + 주어 + 동사,2 관계사·접속사(뒤에 절),5 분리 틀(고정어 사이에 빈칸),선행사 the ~ 와 관계사가 떨어짐,sensitive,[기본] [The] topic [which] he chose was quite sensitive.,[문장1-2] [The] topic [which] she chose was quite sensitive.,[문장1-3] [The] topic [which] they chose was quite sensitive.,[기본] [The] ones [which] I saw looked great.,[기본] [The] movie [which] he mentioned is terrible.,[어려운] [The] book [which] he was looking for is here.,[어려운] She threw away [the] flowers [which] you bought her.,[어려운] [The] letter [which] he wrote never arrived.,,which,패턴화 가능
10392,242,245,"목적격 관계대명사 who, whom",목적격관계대명사 who,the ~ who ~,the 명사 + who(m) + 주어 + 동사,2 관계사·접속사(뒤에 절),5 분리 틀(고정어 사이에 빈칸),선행사 the ~ 와 관계사가 떨어짐,attorney,[기본] That's [the] attorney [who] I met.,[문장1-2] That's [the] attorney [who] he met.,[문장1-3] That's [the] attorney [who] she met.,[기본] You're [the] one [who] I asked.,[기본] She's [the] only one [who] I can trust.,[어려운] I saw [the] man [who] you are describing.,[어려운] He's [the] friend [whom] I trust most.,[어려운] Everyone [who] you invited arrived late.,,who,패턴화 가능
10391,243,242,관계부사,관계부사 (how/where/when),the ~ where ~,the place / moment / time + where / when + 주어 + ______,2 관계사·접속사(뒤에 절),,,tunnel,[기본] This is [the] place [where] the tunnel starts.,[문장1-2] That is [the] place [where] the tunnel starts.,[문장1-3] This is [the] place [where] the tunnel ends.,[기본] That's [the] moment [when] I understood.,[기본] Show me [how] you did it.,[어려운] Let me tell you [how] I found it.,[어려운] Do you remember [the] time [when] we camped together?,[어려운] [The] café [where] we studied closed last month.,,열린 목록 — 같은 자리에 접속사·관계사가 갈아 끼워진다,패턴화 불가
10395,244,247,관계부사의 생략,관계부사 생략,the reason ~,the reason / place / way + 주어 + 동사,2 관계사·접속사(뒤에 절),,,oppose,[기본] That's [the reason] I'm opposing it.,[문장1-2] That's [the reason] he's opposing it.,[문장1-3] That's [the reason] she's opposing it.,[기본] This is [the place] I grew up!,[기본] This is [the way] things work.,[어려운] Do you know [the reason] she quit?,[어려운] That was [the year] my sister graduated.,[어려운] I remember [the day] we met.,,어순 규칙 — 고정된 말 없이 덩어리 순서만 같다,패턴화 불가
10397,245,248,선행사의 생략,선행사 생략,This is where ~.,This is where / why / how / when + 주어 + ______ .,2 관계사·접속사(뒤에 절),,,slip,[기본] [This is where] I slipped.,[문장1-2] [This is where] he slipped.,[문장1-3] [This is where] she slipped.,[기본] [This is where] I play tennis.,[기본] [That's why] I study English.,[어려운] Tell me [how] it happened.,[어려운] [That was when] they first met.,[어려운] [This is why] nobody trusts him.,,열린 목록 — 같은 자리에 접속사·관계사가 갈아 끼워진다,패턴화 불가
10403,246,250,복합관계부사,복합관계부사 (however),However ~.,however / wherever / whenever + ______,2 관계사·접속사(뒤에 절),,,poorly,"[기본] [However] hard we tried, it ended poorly.","[문장1-2] [However] hard I tried, it ended poorly.","[문장1-3] [However] hard he tried, it ended poorly.",[기본] Sit [wherever] you like.,"[기본] [Whenever] I call, she always answers.","[어려운] [Wherever] you go, I'll follow you.","[어려운] [Whenever] you arrive, we'll be waiting.","[어려운] [However] you do it, finish by tonight.",,열린 목록 — 같은 자리에 접속사·관계사가 갈아 끼워진다,패턴화 불가
10396,247,249,복합관계대명사,복합관계대명사 (whichever),Whoever ~ / Whatever ~,Whoever / Whatever + 동사,2 관계사·접속사(뒤에 절),,,treat,[기본] [Whoever] finishes first gets a treat.,[문장1-2] [Whoever] arrives first gets a treat.,[문장1-3] [Whoever] answers first gets a treat.,"[기본] [Whatever] you do, don't panic.",[기본] [Whoever] wrote this did a great job!,"[어려운] [Whichever] you choose, I know you'll do great.","[어려운] [Whatever] happens, know that I'm there for you.",[어려운] [Whatever] you decide on is fine with me.,,열린 목록 — 같은 자리에 접속사·관계사가 갈아 끼워진다,패턴화 불가
10398,248,251,선행사 포함 관계대명사 what,선행사포함 what,That's what ~.,what + 주어 + 동사,2 관계사·접속사(뒤에 절),,,weather forecast,[기본] [That's what] the weather forecast predicted.,[문장1-2] [That's what] the weather forecast said.,[문장1-3] [This is what] the weather forecast predicted.,[기본] [That's what] I wanted to say.,[기본] I don't understand [what] you mean.,[어려운] [What] you need is a long vacation.,[어려운] Tell me [what] happened last night.,[어려운] [What] surprised me was her honesty.,,what,패턴화 가능
10400,249,252,주격 관계대명사 + be동사의 생략,주격관계+be 생략,the ~ ~ing/~ed ...,명사 + ______ -ing / ______(과거분사),3 형태 변화만으로 된 패턴,,,expose,[기본] Kids [exposed] to music learn faster.,[문장1-2] Students [exposed] to music learn faster.,[문장1-3] Kids [exposed] to music learn much faster.,[기본] The man [sitting] outside is my uncle.,[기본] The problem [facing] us is very serious.,[어려운] The people [waiting] in line looked tired.,[어려운] The car [parked] near the gate is mine.,[어려운] My husband is the one [wearing] the hat.,,10400-A: 형태 규칙 — 현재분사(-ing)·과거분사 꼴만 같고 들어가는 낱말은 매번 다르다 / 10400-B: 형태 규칙 — 현재분사(-ing)·과거분사 꼴만 같고 들어가는 낱말은 매번 다르다,분리 필요 → 10400-A 명사 + ______(과거분사) / 10400-B 명사 + ______ -ing
10402,250,253,관계대명사의 계속적 용법,관계대명사 계속용법,"~, which ...","______ , which / who + 동사 …",2 관계사·접속사(뒤에 절),,,bankrupt,"[기본] They went bankrupt, [which] surprised everyone.","[문장1-2] He went bankrupt, [which] surprised everyone.","[문장1-3] She went bankrupt, [which] surprised everyone.","[기본] We stayed at a hotel, [which] was clean.","[기본] He works here, [which] is nice.","[어려운] My car broke down, [which] made me late.","[어려운] I met Sarah, [who] works at a bank.","[어려운] My uncle, [who] lives in Boston, called me.",,10402-A: which / 10402-B: who,"분리 필요 → 10402-A ______ , which + 동사 … / 10402-B 사람 , who + 동사 …"
10405,251,254,목적격 관계대명사의 생략,목적격관계 생략,the ~ I ...,the 명사 + 주어 + 동사,2 관계사·접속사(뒤에 절),,,campus,[기본] That's the campus [I visited].,[문장1-2] That's the campus [he visited].,[문장1-3] That's the campus [she visited].,[기본] There's the cafe [Emma recommended].,[기본] This is the book [we have to read].,[어려운] This is the mug [I] always [use].,[어려운] That's the movie theater [we] usually [go to].,[어려운] He's the guy [I was telling you about].,,어순 규칙 — 고정된 말 없이 덩어리 순서만 같다,패턴화 불가
10406,252,255,전치사 + 관계대명사,전치사+관계대명사 (to whom),the ~ in which ...,전치사 + which / whom + 주어 + 동사,2 관계사·접속사(뒤에 절),5 분리 틀(고정어 사이에 빈칸),선행사 the ~ 와 관계사가 떨어짐,motel,[기본] This is [the] motel [in which] she stayed.,[문장1-2] This is [the] motel [in which] he stayed.,[문장1-3] This is [the] motel [in which] they stayed.,[기본] This is the town [in which] they grew up.,[기본] That's the school [from which] he graduated.,[어려운] This is the park [in which] we first met.,[어려운] She's the one [for whom] it was written.,[어려운] He's the person [to whom] it's addressed.,,10406-A: in which / 10406-B: whom,분리 필요 → 10406-A 전치사 + which + 주어 + 동사 / 10406-B 전치사 + whom + 주어 + 동사
10404,255,241,than을 이용한 배수 표현,than 배수,~ times ~er than ...,______ times ______er than ______,3 형태 변화만으로 된 패턴,4 숫자·단위·날짜,배수 + 비교급,rocket,[기본] Rockets are ten [times] faster [than] this.,[문장1-2] Rockets are five [times] faster [than] this.,[문장1-3] New rockets are ten [times] faster [than] this.,[기본] It feels ten [times] heavier [than] before.,[기본] It's four [times] faster [than] a regular computer.,[어려운] The new office is five [times] bigger [than] this.,[어려운] Your idea is a hundred [times] better [than] mine.,[어려운] I heard it's a dozen [times] better [than] before.,,times … than,패턴화 가능
10401,256,240,as ~ as를 이용한 배수 표현,as~as 배수,twice as ~ as ...,______ times as ______ as ______,5 분리 틀(고정어 사이에 빈칸),,,costly,[기본] Our process is [twice as] costly [as] theirs.,[문장1-2] Their process is [twice as] costly [as] ours.,[문장1-3] Our process is [twice as] costly [as] yours.,[기본] Her house is [three times as] big [as] mine.,[기본] He makes [twice as] much money [as] I do.,[어려운] It took [three times as] long [as] expected.,[어려운] It costs [twice as] much [as] I remember.,[어려운] She read [four times as] many books [as] me.,,as,패턴화 가능
10407,258,256,so + 형용사/부사 + that 구문,so 형용사 that (결과),so ~ that ...,so ______ that ______,5 분리 틀(고정어 사이에 빈칸),,,creepy,[기본] It was [so] creepy [that] I turned it off.,[문장1-2] It was [so] creepy [that] he turned it off.,[문장1-3] It was [so] creepy [that] she turned it off.,[기본] It was [so] hot [that] I burnt my tongue.,[기본] I was [so] tired [that] I fell asleep.,[어려운] They were [so] good [that] I ordered more.,[어려운] He left [so] quietly [that] no one noticed.,[어려운] It was raining [so] hard [that] I couldn't see.,,so … that,패턴화 가능
10409,259,257,의문사가 있는 간접의문문,의문사 간접의문문,Do you know what ~ ?,Do you know what ______ is ?,2 관계사·접속사(뒤에 절),,,clause,[기본] [Do you know what] a clause is?,[문장1-2] [Does he know what] a clause is?,[문장1-3] [Do they know what] a clause is?,[기본] [Do you know what] her name is?,[기본] [Do you know where] they went?,[어려운] [Do you know what] this word means?,[어려운] [Do you know when] he'll be back?,[어려운] [Do you know how much] it costs?,,Do … know,패턴화 가능
10410,260,258,both ~ and ~ 패턴,both~and,both ~ and ...,both ______ and ______,5 분리 틀(고정어 사이에 빈칸),,,envelope,[기본] They sell [both] stamps [and] envelopes.,[문장1-2] He sells [both] stamps [and] envelopes.,[문장1-3] They sell [both] pens [and] envelopes.,[기본] [Both] my mom [and] dad are doctors.,[기본] I've told [both] my sister [and] my mom.,[어려운] We changed [both] the format [and] the content.,[어려운] He can speak [both] English [and] Spanish.,[어려운] Her design is [both] simple [and] elegant.,,both … and,패턴화 가능
10411,261,259,'~때문에'라는 뜻의 as,이유 as,"~, as ...","______ , as ______",2 관계사·접속사(뒤에 절),,,object,"[기본] He objected, [as] he considered it unfair.","[문장1-2] She objected, [as] she considered it unfair.","[문장1-3] They objected, [as] they considered it unfair.","[기본] She may need help, [as] she's new here.","[기본] He left a message, [as] you were out.","[어려운] I stayed home, [as] I had studying to do.","[어려운] We don't have work tomorrow, [as] it's a holiday.","[어려운] [As] it was getting late, I decided to leave.",,as,패턴화 가능
10412,263,261,either ~ or ~ 패턴,either~or,either ~ or ...,either ______ or ______,5 분리 틀(고정어 사이에 빈칸),,,green tea,[기본] I'll take [either] green tea [or] lemonade.,[문장1-2] He'll take [either] green tea [or] lemonade.,[문장1-3] I'll take [either] green tea [or] coffee.,[기본] It's [either] this one [or] that one.,[기본] It was [either] Monday [or] Tuesday.,[어려운] People [either] love it [or] hate it.,[어려운] You'll [either] find it funny [or] offensive.,[어려운] [Either] red [or] blue would look great.,,either … or,패턴화 가능
10414,264,262,"even though, although, though",even though/although,"Although ~, ...","Although / (Even) though + ______ , …",2 관계사·접속사(뒤에 절),,,painful,"[기본] [Although] it was painful, he kept going.","[문장1-2] [Although] it was painful, she kept going.","[문장1-3] [Although] it was painful, they kept going.",[기본] I went [even though] it was raining.,"[기본] He seems nice, [though] he's a bit shy.","[어려운] [Although] it was raining, the sun was shining.",[어려운] I read his autobiography [even though] it wasn't required.,"[어려운] It's a lovely apartment, [though] it's quite small.",,뉘앙스 차이 — 갈래의 뜻이 거의 같아 설명(회색 2행)으로 다룬다,패턴화 불가
10421,270,268,목적을 나타내는 so that ~ 구문,목적 so that,~ so that ~,______ so that ______,2 관계사·접속사(뒤에 절),,,fancy,[기본] Wear something fancy [so that you] stand out.,[문장1-3] Wear something fancy [so that we] stand out.,[문장1-2] He wore something fancy [so that] he stood out.,[기본] Be careful [so that you] don't fall.,[기본] Close the window [so that you] aren't cold.,[어려운] She wrote it down [so that you] don't forget.,[어려운] Leave early [so that you] aren't late.,[어려운] Take your phone [so that I] can call you.,,so that,패턴화 가능
10422,271,269,목적을 나타내는 so that ~ 구문의 that 생략,목적 so (that생략),~ so you can ...,______ so (that) ______ can,2 관계사·접속사(뒤에 절),,,coordinate,[기본] Get their numbers [so you can] coordinate.,[문장1-2] Get his number [so you can] coordinate.,[문장1-3] Get her number [so you can] coordinate.,[기본] Go early [so you can] get good seats.,[기본] Bring a coat [so you don't] get cold.,[어려운] Study hard [so you can] get a good job.,[어려운] Sit up front [so you can] see the board.,[어려운] Read carefully [so you don't] miss any details.,,so,패턴화 가능
10423,272,270,neither ~ nor ~ 패턴,neither~nor,neither ~ nor ...,neither ______ nor ______,5 분리 틀(고정어 사이에 빈칸),,,baker,[기본] She's [neither] a chef [nor] a baker.,[문장1-2] He's [neither] a chef [nor] a baker.,[문장1-3] They're [neither] chefs [nor] bakers.,[기본] [Neither] my mom [nor] my dad attended.,[기본] It's [neither] funny [nor] clever.,[어려운] I [neither] know [nor] care.,[어려운] It was [neither] educational [nor] interesting.,[어려운] [Neither] the book [nor] the movie was entertaining.,,neither … nor,패턴화 가능
10424,273,271,not only ~ but also ~ 패턴,not only~but also,not only ~ but also ...,not only ______ but also ______,5 분리 틀(고정어 사이에 빈칸),,,common sense,[기본] She has [not only] knowledge [but also] common sense.,[문장1-2] He has [not only] knowledge [but also] common sense.,[문장1-3] They have [not only] knowledge [but also] common sense.,[기본] He's [not only] kind [but also] smart.,"[기본] It's [not only] affordable, [but also] high quality.",[어려운] They [not only] paid [but also] drove me home.,[어려운] He [not only] quit [but also] left town.,"[어려운] The hotel is [not only] clean [but] cheap, too.",,not only … but also,패턴화 가능
10425,274,272,명사절 - 가목적어 it,명사절 가목적어 it,I find it ~ that ...,find it ______ that ______,5 분리 틀(고정어 사이에 빈칸),,,absurd,[기본] [I find it] absurd [that] it takes so long.,[문장1-2] [He finds it] absurd [that] it takes so long.,[문장1-3] [She finds it] absurd [that] it takes so long.,[기본] [I find it] odd [that] he always wears sunglasses.,[기본] [I] found [it] suspicious that he didn't come.,[어려운] [I] found [it] ridiculous that they charge for water.,[어려운] [He] thought [it] strange that the lights were on.,[어려운] Don't [you find it] suspicious [that] she left early?,,find it … that,패턴화 가능
10426,275,273,it ~ that 강조 구문,it~that 강조구문,It's ~ that ...,It's ______ that ______ .,5 분리 틀(고정어 사이에 빈칸),,,salmon,[기본] [It's] salmon [that] I don't like.,[문장1-2] [It's] salmon [that] he doesn't like.,[문장1-3] [It's] salmon [that] she doesn't like.,[기본] [It's] the smell [that] bothers me.,[기본] [It's] the cold [that] I can't stand.,[어려운] [It's] her laugh [that] I love the most.,[어려운] [It was] his tone [that] I didn't like.,[어려운] [It's] the way he said it [that] upset me.,,be … that,패턴화 가능
10427,276,274,else의 용법,else 용법,What/Who else ~?,의문사 + else,1 한 단어 패턴,,,senior,[기본] [Who else] is a senior here?,[문장1-2] [Who else] was a senior there?,[문장1-3] [Who else] is a senior there?,[기본] [What else] do we need?,[기본] [Where else] did you go?,[어려운] [Who else] did you tell about this?,[어려운] [What else] do you want me to say?,[어려운] [How else] are you supposed to do it?,,else,패턴화 가능
10436,281,283,already의 용법,already,~ already ...,already ______,1 한 단어 패턴,,,sip,[기본] I [already] gave you a sip.,[문장1-2] I [already] gave him a sip.,[문장1-3] He [already] gave you a sip.,[기본] She [already] posted it.,[기본] Have you [already] seen it?,[어려운] I [already] told her it wouldn't work.,[어려운] We've [already] talked about this.,[어려운] Has he [already] bought the tickets?,,already,패턴화 가능
10435,282,281,긍정 의문문에 쓰인 yet,긍정의문 yet,~ yet?,______ yet ?,1 한 단어 패턴,,,confront,[기본] Have you confronted him [yet]?,[문장1-2] Has he confronted him [yet]?,[문장1-3] Have they confronted him [yet]?,[기본] Is dinner ready [yet]?,[기본] Are you done [yet]?,[어려운] Have you finished your essay [yet]?,[어려운] Have you spoken to your manager [yet]?,[어려운] Is it done downloading [yet]?,,yet,패턴화 가능
10432,284,279,even의 용법,even 용법,~ even ...,even ______,1 한 단어 패턴,,,look,[기본] You didn't [even] look.,[문장1-2] He didn't [even] look.,[문장1-3] She didn't [even] look.,[기본] I don't [even] know you.,[기본] [Even] my kids like them.,[어려운] [Even] a child could do that.,[어려운] He can [even] speak French.,[어려운] It can [even] schedule appointments for you.,,even,패턴화 가능
10434,285,280,still의 용법,still 용법,still ~,still ______,1 한 단어 패턴,,,to-do list,[기본] It's [still] on my to-do list.,[문장1-2] It's [still] on his to-do list.,[문장1-3] It's [still] on her to-do list.,[기본] I'm [still] in school.,[기본] She's [still] a little nervous.,[어려운] He [still] lives with his parents.,[어려운] Are you [still] working on that?,[어려운] Does she [still] like to paint?,,still,패턴화 가능
10437,286,284,조건을 나타내는 when,조건 when,Call me when ~.,when + 주어 + 현재형,2 관계사·접속사(뒤에 절),,,customs,[기본] Call me [when] you get through customs.,[문장1-2] Call me [when] he gets through customs.,[문장1-3] Call me [when] she gets through customs.,[기본] Text me [when] you're done.,[기본] She'll call you [when] she gets there.,[어려운] I'll text you [when] I find out more.,[어려운] Call me [when] you're ready to be picked up.,[어려운] Can you let me know [when] he arrives?,,when,패턴화 가능
10443,292,290,the + 형용사의 복수 취급,the+형용사 복수취급 (The rich have),The ~ are ...,The ______ + 복수동사,3 형태 변화만으로 된 패턴,,,ignorant,[기본] [The ignorant are] often the loudest.,[문장1-2] [The ignorant are] always the loudest.,[문장1-3] [The ignorant were] often the loudest.,[기본] [The homeless need] more support.,[기본] [The injured were] treated first.,[어려운] [The rich] always [want] to get richer.,[어려운] [The poor will suffer] the most if this passes.,[어려운] [The elderly and disabled were] given priority.,,열린 목록 — 같은 자리에 다른 낱말이 들어가 고정된 말이 없다,패턴화 불가
10444,294,292,if절에 be동사를 쓰는 가정법 과거,가정법과거 if be (If I were),"If I were ~, I would ...","If I were ______ , I would ______ .",5 분리 틀(고정어 사이에 빈칸),,가정법: 두 절에 고정어가 나뉨,laundry,"[기본] [If I were] you, [I would] do the laundry.","[문장1-2] [If I were] him, [I would] do the laundry.","[문장1-3] [If I were] her, [I would] do the laundry.","[기본] [If I were] you, [I would] apologize.","[기본] [If she were] here, [she would] help.",[어려운] [I wouldn't] worry [if I were] you.,"[어려운] [If he were] taller, [he could] play basketball.","[어려운] [If they were] honest, [we wouldn't] be arguing.",,If … were … would,패턴화 가능
10448,295,293,if절에 일반동사를 쓰는 가정법 과거,가정법과거 if 일반동사,"If I ~ed, I would ...","If 주어 ______(과거형) , 주어 would ______",5 분리 틀(고정어 사이에 빈칸),,가정법: 두 절에 고정어가 나뉨,return,"[기본] [If I] had the receipt, [I would] return it.","[문장1-2] [If he] had the receipt, [he would] return it.","[문장1-3] [If she] had the receipt, [she would] return it.","[기본] [If I] had my car, [I'd] drive you.",[기본] [I'd] exercise more [if I] had the time.,[어려운] [You'd] feel better [if you] got more sleep.,"[어려운] [If I] knew how, [I'd] do it myself.","[어려운] [If I] knew, [I wouldn't] be asking you.",,If … would,패턴화 가능
10445,297,295,가정법 과거완료,가정법 과거완료,"If I had ~ed, I would have ...","If 주어 had ______(과거분사) , 주어 would have ______",5 분리 틀(고정어 사이에 빈칸),,가정법: 두 절에 고정어가 나뉨,qualify,"[기본] [If I had] qualified, [I would have] applied.","[문장1-2] [If he had] qualified, [he would have] applied.","[문장1-3] [If she had] qualified, [she would have] applied.",[기본] [I would've] gone [if you'd] invited me.,[기본] [We would've] won [if he'd] caught the ball.,"[어려운] [If you'd] asked, I'm sure [he'd have] agreed.","[어려운] [If it hadn't] rained, [we would have] gone.","[어려운] [If we'd] known that, [we wouldn't have] come.",,If … would have,패턴화 가능
10450,298,296,if it were not for 패턴,if it were not for,"If it weren't for ~, ...","If it weren't for ______ , ______",5 분리 틀(고정어 사이에 빈칸),,가정법: 두 절에 고정어가 나뉨,bonus,"[기본] [If it weren't for] the bonus, I would quit.","[문장1-2] [If it weren't for] the bonus, he would quit.","[문장1-3] [If it weren't for] the bonus, she would quit.","[기본] [If it weren't for] you, I'd fail.","[기본] [If it weren't for] the rain, we would go.","[어려운] [If it weren't for] you, I'd be lost.","[어려운] [If it weren't for] coffee, I wouldn't survive mornings.","[어려운] [If it weren't for] her, I wouldn't be here.",,If it weren't for,패턴화 가능
10451,299,297,without으로 가정법 과거 표현하기,without 가정법 과거,"Without ~, I wouldn't ...","Without ______ , 주어 wouldn't ______",5 분리 틀(고정어 사이에 빈칸),,가정법: 두 절에 고정어가 나뉨,set,"[기본] [Without] him, [I wouldn't] be allowed on set.","[문장1-2] [Without] [her, I wouldn't] be allowed on set.","[문장1-3] [Without] him, [she wouldn't] be allowed on set.","[기본] [Without] water, [we wouldn't] survive.","[기본] [Without] her help, [I wouldn't] be here today.","[어려운] [Without] [these instructions, we wouldn't] know what to do.","[어려운] [Without] you, [I wouldn't] be where I am today.","[어려운] [Without] [his GPS, he wouldn't] get anywhere.",,Without … wouldn't,패턴화 가능
10453,301,299,if it had not been for 패턴,if it had not been for,"If it hadn't been for ~, ...","If it hadn't been for ______ , ______",5 분리 틀(고정어 사이에 빈칸),,가정법: 두 절에 고정어가 나뉨,collapse,"[기본] [If it hadn't been for] them, it would've collapsed.","[문장1-2] [If it hadn't been for] him, it would've collapsed.","[문장1-3] [If it hadn't been for] her, it would've collapsed.","[기본] [If it hadn't been for] me, he would've failed.","[기본] [If it hadn't been for] you, I would've quit.","[어려운] [If it hadn't been for] that, I would've cried.","[어려운] [If it hadn't been for] him, we would've lost.","[어려운] [If it hadn't been for] you, we would've won.",,If it hadn't been for,패턴화 가능
10454,302,300,without으로 가정법 과거완료 표현하기,without 가정법 과거완료,"Without ~, I wouldn't have ...","Without ______ , 주어 wouldn't have ______",5 분리 틀(고정어 사이에 빈칸),,가정법: 두 절에 고정어가 나뉨,smoothly,"[기본] [Without] you, [this wouldn't have] gone so smoothly.","[문장1-2] [Without] him, [this wouldn't have] gone so smoothly.","[문장1-3] [Without] [her, this wouldn't have] gone so smoothly.","[기본] [Without] them, [we wouldn't have] survived.","[기본] [Without] [your support, I wouldn't have] won.","[어려운] [Without] [his help, I wouldn't have] finished in time.","[어려운] [Without] him, [she couldn't have] passed the class.","[어려운] [Without] [her, we wouldn't have] made it this far.",,Without … wouldn't have,패턴화 가능
10458,305,303,가정법 과거의 if 생략,가정법과거 if생략(도치),"Were I ~, I would ...","Were 주어 ______ , 주어 would ______",5 분리 틀(고정어 사이에 빈칸),,가정법: 두 절에 고정어가 나뉨,retired,"[기본] [Were I] retired, [I'd] have more free time.","[문장1-2] [Were he] retired, [he'd] have more free time.","[문장1-3] [Were she] retired, [she'd] have more free time.","[기본] [Were she] here, [she'd] know what to do.","[기본] [Were we] there, [we could] help.","[어려운] [Were we] rich, [we'd] be able to afford it.","[어려운] [Were he] here, [we'd] be able to ask him.","[어려운] [Were you] taller, [you'd] be able to reach it.",,Were … I'd,패턴화 가능
10459,306,304,혼합가정법,혼합가정법,"If I had ~ed, I would be ...","If 주어 had ______(과거분사) , 주어 would be ______",5 분리 틀(고정어 사이에 빈칸),,가정법: 두 절에 고정어가 나뉨,trailer,"[기본] [If I'd] seen the trailer, [I'd be] better prepared.","[문장1-2] [If he'd] seen the trailer, [he'd be] better prepared.","[문장1-3] [If she'd] seen the trailer, [she'd be] better prepared.","[기본] [If he'd] come, [he'd be] miserable.","[기본] [If they'd] started earlier, [they'd be] finished already.","[어려운] [If we'd] saved more, [we wouldn't be] living here.","[어려운] [If you'd] helped me, [I'd be] done by now.","[어려운] [If she'd] left earlier, [she'd be] here by now.",,If I'd … be,패턴화 가능
10460,307,305,Should를 이용한 가정법,Should 가정법,"Should you ~, ...","Should you ______ , ______",5 분리 틀(고정어 사이에 빈칸),,가정법: 두 절에 고정어가 나뉨,abnormal,"[기본] [Should you] find anything abnormal, please report it.","[문장1-2] [Should he] find anything abnormal, please report it.","[문장1-3] [Should she] find anything abnormal, please report it.","[기본] [Should any issues] arise, please call me.","[기본] [Should you] see him, please give him this message.","[어려운] [Should you] need any assistance, let us know.","[어려운] [Should you] ever find yourself in trouble, call me.","[어려운] [Should you] have any questions, feel free to ask.",,Should,패턴화 가능
10462,309,307,가정법 과거완료의 if 생략,가정법과거완료 if생략(도치),"Had it ~ed, it would have ...","Had 주어 ______(과거분사) , 주어 would have ______",5 분리 틀(고정어 사이에 빈칸),,가정법: 두 절에 고정어가 나뉨,detector,"[기본] [Had the metal] detector worked, [we could've] found it.","[문장1-2] [Had the metal] detector worked, [I could've] found it.","[문장1-3] [Had the metal] detector worked, [he could've] found it.","[기본] [Had she] told me, [I would've] helped.","[기본] [Had I] known, [I would've] stayed.","[어려운] [Had I] waited longer, [I would've] been too late.","[어려운] [Had I] left earlier, [I would've] seen her.","[어려운] [Had he] known, [he wouldn't have] come.",,Had … could've,패턴화 가능
