원본 · id,원본 · 카드 초록 (형태),원본 · 카드 회색 1행 (뜻),원본 · 태그,원본 · sentence,원본 · translation,변경 · 새 유닛,변경 · 새 카드 초록 (제안),변경 · 새 뜻 (제안),변경 · 새 태그,추가 · 나누는 이유,추가 · 메모
10019,주어 + be동사 + in / on / at + ______ .,~ 안에 / 위에 / 에 있어,기본,[She's in] the library.,[걔는] 도서관[에 있어].,10019-A,주어 + be동사 + in + ______ .,~ 안에 있어,S1,장소 전치사가 갈래마다 뜻이 다르다,원래 문장 5개 + 새로 쓴 문장 3개 = 8칸
,,,문장1-2,[He's in] the library.,[걔는] 도서관[에 있어].,,,,,,
,,,문장1-3,[We're in] the library.,[우리는] 도서관[에 있어].,,,,,,
,,,기본,[It was in] the car.,[그거] 차 안[에 있었어].,,,,,,
,,,어려운,[He was in] the bathroom.,[걔] 화장실[에 있었어].,,,,,,
,,,기본,[They're on] the table.,[그것들은] 탁자 위[에 있어].,10019-B,주어 + be동사 + on + ______ .,~ 위에 있어,S1 (원래 기본),장소 전치사가 갈래마다 뜻이 다르다,S1 새로 지정 — 주어 변형 문장 없음 · 원래 문장 2개 + 새로 쓴 문장 6개 = 8칸
,,,어려운,[They were on] the desk.,[그것들은] 책상 위[에 있었어].,,,,,,
,,,어려운,[I'm] not [at] home.,[나] 집[에] 없[어].,10019-C,주어 + be동사 + at + ______ .,~에 있어,S1 (원래 어려운),장소 전치사가 갈래마다 뜻이 다르다,S1 새로 지정 — 주어 변형 문장 없음 · 원래 문장 1개 + 새로 쓴 문장 7개 = 8칸
10026,Let's ______ .  /  Let's go ______ -ing .,~하자,기본,[Let's] cook!,[우리] 요리하[자]!,10026-A,Let's ______ .,~하자,S1,카드 초록에 틀이 둘이다,원래 문장 6개 + 새로 쓴 문장 2개 = 8칸
,,,문장1-2,[Let's] cook together!,같이 요리하[자]!,,,,,,
,,,문장1-3,[Let's] cook tonight!,오늘 저녁에 요리하[자]!,,,,,,
,,,기본,[Let's] watch TV.,[우리] TV 보[자].,,,,,,
,,,어려운,[Let's] have pasta for dinner.,저녁으로 파스타 먹[자].,,,,,,
,,,어려운,[Let's] listen to some music.,음악 좀 듣[자].,,,,,,
,,,기본,[Let's go] swimming!,수영하러 [가자]!,10026-B,Let's go ______ -ing .,~하러 가자,S1 (원래 기본),카드 초록에 틀이 둘이다,S1 새로 지정 — 주어 변형 문장 없음 · 원래 문장 2개 + 새로 쓴 문장 6개 = 8칸
,,,어려운,[Let's go] hiking tomorrow.,내일 등산 [가자].,,,,,,
10059,at / on / in + ______,~에,기본,See you [on Thursday].,[목요일에] 보자.,10059-A,on + 요일·날짜,~에 (요일·날짜),S1,때를 나타내는 전치사가 갈래마다 붙는 말이 다르다,원래 문장 5개 + 새로 쓴 문장 3개 = 8칸
,,,문장1-2,Let's meet [on Thursday].,[목요일에] 만나자.,,,,,,
,,,문장1-3,We went out [on Thursday].,우리 [목요일에] 외출했어.,,,,,,
,,,어려운,Let's meet [on Friday morning].,[금요일 아침에] 만나자.,,,,,,
,,,어려운,What are you doing [on Sunday evening]?,[일요일 저녁에] 뭐 해?,,,,,,
,,,기본,Let's go [at three o'clock].,[3시에] 가자.,10059-B,at + 시각,~시에,S1 (원래 기본),때를 나타내는 전치사가 갈래마다 붙는 말이 다르다,S1 새로 지정 — 주어 변형 문장 없음 · 원래 문장 2개 + 새로 쓴 문장 6개 = 8칸
,,,어려운,Are you busy [at twelve o'clock]?,[12시에] 바빠?,,,,,,
,,,기본,I'm busy [in the morning].,난 [아침에] 바빠.,10059-C,in + 아침·달·계절,~에 (아침·달·계절),S1 (원래 기본),때를 나타내는 전치사가 갈래마다 붙는 말이 다르다,S1 새로 지정 — 주어 변형 문장 없음 · 원래 문장 1개 + 새로 쓴 문장 7개 = 8칸
10083,some ______ / not any ______,좀 ~ / ~가 하나도 없는,기본,You have [some gifts].,너한테 온 [선물이 몇 개] 있어.,10083-A,some ______,좀 ~,S1,긍정문 some / 부정·의문문 any,원래 문장 6개 + 새로 쓴 문장 2개 = 8칸
,,,문장1-2,She has [some gifts].,걔한테 [선물이 몇 개] 있어.,,,,,,
,,,문장1-3,He has [some gifts].,걔한테 [선물이 몇 개] 있어.,,,,,,
,,,기본,Let's make [some pasta].,[파스타 좀] 만들자.,,,,,,
,,,어려운,Could we have [some more time]?,[시간을 좀 더] 주실 수 있을까요?,,,,,,
,,,어려운,She gave me [some good advice].,걔가 [좋은 조언을 좀] 해줬어.,,,,,,
,,,기본,I [don't] have [any milk].,우유가 [하나도 없어].,10083-B,not any ______ / any ______ ?,~가 하나도 없는 / ~ 있어?,S1 (원래 기본),긍정문 some / 부정·의문문 any,S1 새로 지정 — 주어 변형 문장 없음 · 원래 문장 2개 + 새로 쓴 문장 6개 = 8칸
,,,어려운,Do you have [any other ideas]?,[다른 생각 좀] 있어?,,,,,,
10097,How many / much ______ ?,~가 몇 개야? / 얼마나 돼?,기본,[How many] channels [do you] get?,채널이 [몇 개]나 나와?,10097-A,How many ______ ?,~가 몇 개야?,S1,셀 수 있는 many / 셀 수 없는 much,원래 문장 5개 + 새로 쓴 문장 3개 = 8칸
,,,문장1-2,[How many] channels [do you] watch?,채널을 [몇 개]나 봐?,,,,,,
,,,문장1-3,[How many] channels [do you] get now?,지금은 채널이 [몇 개]나 나와?,,,,,,
,,,어려운,[How many] people came to the party?,파티에 [몇] 명이나 왔어?,,,,,,
,,,어려운,[How many] languages can you speak?,[몇 개] 국어를 할 줄 알아?,,,,,,
,,,기본,[How much] milk is there?,우유가 [얼마나] 있어?,10097-B,How much ______ ?,~가 얼마나 돼?,S1 (원래 기본),셀 수 있는 many / 셀 수 없는 much,S1 새로 지정 — 주어 변형 문장 없음 · 원래 문장 3개 + 새로 쓴 문장 5개 = 8칸
,,,기본,[How much] time [did it] take?,시간이 [얼마나] 걸렸[어]?,,,,,,
,,,어려운,[How much] sugar [did you] put in this?,여기 설탕 [얼마나] 넣었[어]?,,,,,,
10098,not many / much ______,~가 많지 않아,기본,There's [not much] space.,공간이 [별로 없]어.,10098-A,not much ______,~가 많지 않아 (셀 수 없는 것),S1,셀 수 있는 many / 셀 수 없는 much,원래 문장 5개 + 새로 쓴 문장 3개 = 8칸
,,,문장1-2,There's [not much] space left.,남은 공간이 [별로 없]어.,,,,,,
,,,문장1-3,There's [not much] space here.,여긴 공간이 [별로 없]어.,,,,,,
,,,기본,We [don't] have [much] time.,시간이 [별로 없어].,,,,,,
,,,어려운,We [didn't] have [much] money.,우린 돈이 [별로 없었어].,,,,,,
,,,기본,We [don't] have [many] options.,선택지가 [많지 않아].,10098-B,not many ______,~가 많지 않아 (셀 수 있는 것),S1 (원래 기본),셀 수 있는 many / 셀 수 없는 much,S1 새로 지정 — 주어 변형 문장 없음 · 원래 문장 3개 + 새로 쓴 문장 5개 = 8칸
,,,어려운,He [didn't] have [many] friends in school.,걔는 학교에서 친구가 [많지 않았어].,,,,,,
,,,어려운,There [aren't many] schools in this area.,이 동네엔 학교가 [많지 않아].,,,,,,
10102,"______ , too. / ______ , either.",나도 ~해 / 나도 안 해,기본,"[I] prefer this ring, [too].",[나도] 이 반지가 더 좋아.,10102-A,"______ , too.",나도 ~해,S1,긍정 too / 부정 either,원래 문장 4개 + 새로 쓴 문장 4개 = 8칸
,,,문장1-2,"[She] prefers this ring, [too].",[걔도] 이 반지가 더 좋대.,,,,,,
,,,문장1-3,"[I] prefer this gold ring, [too].",[나도] 이 금반지가 더 좋아.,,,,,,
,,,어려운,"Did [he] go out, [too]?",[걔도] 나갔어?,,,,,,
,,,기본,"[I don't] like math, [either].",[나도] 수학 [안] 좋아해.,10102-B,"______ not ~ , either.",나도 안 해,S1 (원래 기본),긍정 too / 부정 either,S1 새로 지정 — 주어 변형 문장 없음 · 원래 문장 4개 + 새로 쓴 문장 4개 = 8칸
,,,기본,"Did you not like it, [either]?",너[도] 그거 별로였어?,,,,,,
,,,어려운,"[I didn't] go to the concert, [either].",[나도] 콘서트에 [안] 갔어.,,,,,,
,,,어려운,I'm not happy about it [either].,나[도] 그게 마음에 안 들어.,,,,,,
10117,some / any (of) + ______,몇몇의 ~ / 어떤 ~,기본,[Some of them] are adults.,[그중] [몇몇]은 어른이야.,10117-A,some of ______,~ 중 몇몇,S1,긍정문 some / 부정·의문문 any,원래 문장 5개 + 새로 쓴 문장 3개 = 8칸
,,,문장1-2,[Some of them] are young adults.,[그중] [몇몇]은 젊은 어른이야.,,,,,,
,,,문장1-3,[Some of them] are adults now.,[그중] [몇몇]은 이제 어른이야.,,,,,,
,,,어려운,[Some of their songs] are pretty weird.,[그들 노래 중 몇 개]는 꽤 이상해.,,,,,,
,,,어려운,Would you like [some of my pasta]?,[내 파스타 좀] 먹을래?,,,,,,
,,,기본,Take [any of them].,[그중에 아무거나] 가져가.,10117-B,any (of) ______,~ 중 아무거나 / 하나도,S1 (원래 기본),긍정문 some / 부정·의문문 any,S1 새로 지정 — 주어 변형 문장 없음 · 원래 문장 3개 + 새로 쓴 문장 5개 = 8칸
,,,기본,I don't have [any].,난 [하나도] 없어.,,,,,,
,,,어려운,Did [any of them] call?,[그중에] 전화한 [사람 있어]?,,,,,,
10127,주어 + 동사 + 목적어 + for / to + ______ .,~에게 ~를 해주다,기본,I [got] this drink [for you].,이 음료 [너 주려고 사왔어].,10127-A,주어 + 동사 + 목적어 + for + 사람 .,~에게 ~를 해주다 (got·made·bought),S1,동사마다 for / to 가 갈린다,원래 문장 6개 + 새로 쓴 문장 2개 = 8칸
,,,문장1-2,I [got] this drink [for her].,이 음료 [걔 주려고 사왔어].,,,,,,
,,,문장1-3,I [got] this drink [for him].,이 음료 [걔 주려고 사왔어].,,,,,,
,,,기본,She [made] cookies [for us].,걔가 [우리 주려고] 쿠키를 [만들었어].,,,,,,
,,,어려운,My boss [bought] dinner [for everyone].,상사가 [모두에게] 저녁을 [사줬어].,,,,,,
,,,어려운,I [saved] the last one [for you].,마지막 하나는 [너 주려고] [남겨뒀어].,,,,,,
,,,기본,I [passed] the ball [to her].,내가 [걔한테] 공을 [패스했어].,10127-B,주어 + 동사 + 목적어 + to + 사람 .,~에게 ~를 건네다 (passed·sent),S1 (원래 기본),동사마다 for / to 가 갈린다,S1 새로 지정 — 주어 변형 문장 없음 · 원래 문장 2개 + 새로 쓴 문장 6개 = 8칸
,,,어려운,She [sent] the money [to me].,걔가 [나한테] 돈을 [보냈어].,,,,,,
10137,must not ______ / don't have to ______,~하면 안 돼 / ~ 안 해도 돼,기본,Visitors [must not] feed the animals.,방문객은 동물에게 먹이를 주[면 안 됩니다].,10137-A,must not ______,~하면 안 돼,S1,금지 must not / 불필요 don't have to — 뜻이 정반대다,원래 문장 5개 + 새로 쓴 문장 3개 = 8칸
,,,문장1-2,Visitors [must not] feed the birds.,방문객은 새에게 먹이를 주[면 안 됩니다].,,,,,,
,,,문장1-3,You [must not] feed the fish.,물고기에게 먹이를 주[면 안 됩니다].,,,,,,
,,,기본,We [must not] give up.,우린 포기하[면 안 돼].,,,,,,
,,,어려운,Students [must not] run in the hallways.,학생들은 복도에서 뛰[면 안 됩니다].,,,,,,
,,,기본,You [don't have to] come.,너 [안] 와[도 돼].,10137-B,don't have to ______,~ 안 해도 돼,S1 (원래 기본),금지 must not / 불필요 don't have to — 뜻이 정반대다,S1 새로 지정 — 주어 변형 문장 없음 · 원래 문장 3개 + 새로 쓴 문장 5개 = 8칸
,,,어려운,She [doesn't have to] work today.,걔는 오늘 일 [안] 해[도 돼].,,,,,,
,,,어려운,We [don't have to] attend this meeting.,우린 이 회의에 참석 [안] 해[도 돼].,,,,,,
10180,a few / a little ______,몇 개의 ~ / 조금의 ~,기본,[A few] users had the same problem.,[몇몇] 사용자가 같은 문제를 겪었어요.,10180-A,a few ______,몇 개의 ~,S1,셀 수 있는 a few / 셀 수 없는 a little,원래 문장 5개 + 새로 쓴 문장 3개 = 8칸
,,,문장1-2,[A few] users had the same opinion.,[몇몇] 사용자들이 같은 의견을 가지고 있었어요.,,,,,,
,,,문장1-3,[A few] users had the same thought.,[몇몇] 사용자들이 같은 생각을 가지고 있었어요.,,,,,,
,,,어려운,I had [a few] pancakes for breakfast.,아침으로 팬케이크를 [몇 장] 먹었어.,,,,,,
,,,어려운,Can we have [a few] more minutes?,[몇 분]만 더 주실 수 있을까요?,,,,,,
,,,기본,Add [a little] pepper.,후추를 [조금] 넣어.,10180-B,a little ______,조금의 ~,S1 (원래 기본),셀 수 있는 a few / 셀 수 없는 a little,S1 새로 지정 — 주어 변형 문장 없음 · 원래 문장 3개 + 새로 쓴 문장 5개 = 8칸
,,,기본,I need [a little] more time.,시간이 [조금] 더 필요해.,,,,,,
,,,어려운,I added [a little] sugar.,설탕을 [조금] 넣었어.,,,,,,
10186,few / little ______,~가 거의 없어,기본,There are [few bad authors].,[나쁜 작가는 거의 없]어.,10186-A,few ______,~가 거의 없어 (셀 수 있는 것),S1,셀 수 있는 few / 셀 수 없는 little,원래 문장 4개 + 새로 쓴 문장 4개 = 8칸
,,,문장1-2,There are [few famous authors].,[유명한 작가는 거의 없]어.,,,,,,
,,,문장1-3,There are [few young authors].,[젊은 작가는 거의 없]어.,,,,,,
,,,어려운,He has very [few friends].,걔는 [친구가] 정말 [적]어.,,,,,,
,,,기본,There is [little hope].,[희망이 거의 없]어.,10186-B,little ______,~가 거의 없어 (셀 수 없는 것),S1 (원래 기본),셀 수 있는 few / 셀 수 없는 little,S1 새로 지정 — 주어 변형 문장 없음 · 원래 문장 4개 + 새로 쓴 문장 4개 = 8칸
,,,기본,We have very [little time].,[시간이] 정말 [얼마 없]어.,,,,,,
,,,어려운,I have [little interest] in music.,난 음악에 [별 관심이 없]어.,,,,,,
,,,어려운,I have [little doubt] about that.,그건 [거의 의심하지 않]아.,,,,,,
10312,______(과거분사 / 현재분사) + 명사,~된 ~ / ~하는 ~,기본,He's a [retired pilot].,걔는 [은퇴한 조종사]야.,10312-A,______(과거분사) + 명사,~된 ~,S1,능동 -ing / 수동 과거분사,원래 문장 5개 + 새로 쓴 문장 3개 = 8칸
,,,문장1-2,She's a [retired pilot].,걔는 [은퇴한 조종사]야.,,,,,,
,,,문장1-3,They're [retired pilots].,그들은 [은퇴한 조종사]야.,,,,,,
,,,기본,He fixed my [broken glasses].,걔가 내 [부러진 안경]을 고쳐줬어.,,,,,,
,,,어려운,Any [food made] by her is excellent.,걔가 [만든 음식]은 뭐든 훌륭해.,,,,,,
,,,기본,She picked up the [crying baby].,걔가 [우는 아기]를 안아 올렸어.,10312-B,______(현재분사) + 명사,~하는 ~,S1 (원래 기본),능동 -ing / 수동 과거분사,S1 새로 지정 — 주어 변형 문장 없음 · 원래 문장 3개 + 새로 쓴 문장 5개 = 8칸
,,,어려운,The [barking dog] scared my sister.,[짖는 개]가 내 동생을 놀라게 했어.,,,,,,
,,,어려운,Do you know the [girl playing] the piano?,피아노 [치고 있는 여자애] 알아?,,,,,,
10313,사물 + is ______ing  ↔  사람 + is ______ed,~가 흥미로워 ↔ ~가 흥미를 느껴,기본,The introduction [was interesting].,도입부가 [흥미로웠어].,10313-A,사물 + be동사 + ______ -ing,~가 흥미로워 (감정을 일으켜),S1,감정을 일으키는 -ing / 느끼는 -ed,원래 문장 5개 + 새로 쓴 문장 3개 = 8칸
,,,문장1-2,His introduction [was interesting].,걔 도입부가 [흥미로웠어].,,,,,,
,,,문장1-3,The introduction [is interesting].,도입부가 [흥미로워].,,,,,,
,,,기본,[That's] so [exciting]!,[그거] 정말 [신난다]!,,,,,,
,,,기본,It [was] so [boring].,정말 [지루했어].,,,,,,
,,,어려운,[I'm] so [excited] to see you!,널 보게 되어 정말 [신나]!,10313-B,사람 + be동사 + ______ -ed,~가 흥미를 느껴 (내가 느껴),S1 (원래 어려운),감정을 일으키는 -ing / 느끼는 -ed,S1 새로 지정 — 주어 변형 문장 없음 · 원래 문장 3개 + 새로 쓴 문장 5개 = 8칸
,,,어려운,I [was] really [surprised] to see her there.,거기서 걔를 보고 정말 [놀랐어].,,,,,,
,,,어려운,We [were] all [exhausted] by the end.,끝날 무렵엔 다들 완전히 [지쳤어].,,,,,,
10335,Would you like ______ ? / I'd like ______ .,~ 드릴까요? / ~ 주세요,기본,[Would you like] a milkshake?,밀크셰이크 [드시겠어요]?,10335-A,Would you like ______ ?,~ 드릴까요?,S1,카드 초록에 틀이 둘이다(묻기 / 청하기),원래 문장 5개 + 새로 쓴 문장 3개 = 8칸
,,,문장1-2,[Would he like] a milkshake?,[그분] 밀크셰이크 [드시겠어요]?,,,,,,
,,,문장1-3,[Would she like] a milkshake?,[그 여자분] 밀크셰이크 [드시겠어요]?,,,,,,
,,,어려운,[Would you like] another cup of tea?,차 한 잔 더 [드시겠어요]?,,,,,,
,,,어려운,[Would you like] a room with a view?,전망 있는 방으로 [드릴까요]?,,,,,,
,,,기본,[I'd like] a glass of water.,물 한 잔 [주세요].,10335-B,I'd like ______ .,~ 주세요,S1 (원래 기본),카드 초록에 틀이 둘이다(묻기 / 청하기),S1 새로 지정 — 주어 변형 문장 없음 · 원래 문장 3개 + 새로 쓴 문장 5개 = 8칸
,,,기본,"[I'd like] the check, please.",계산서 [주세요].,,,,,,
,,,어려운,[We'd like] a table by the window.,창가 자리로 [주세요].,,,,,,
10337,Would you like to ______ ? / I'd like to ______ .,~하시겠어요? / ~하고 싶어요,기본,[Would you like to] borrow my textbook?,내 교과서 빌려 [갈래]?,10337-A,Would you like to ______ ?,~하시겠어요?,S1,카드 초록에 틀이 둘이다(묻기 / 청하기),원래 문장 5개 + 새로 쓴 문장 3개 = 8칸
,,,문장1-2,[Would he like to] borrow my textbook?,[걔] 내 교과서 빌려 [갈까]?,,,,,,
,,,문장1-3,[Would you like to] borrow his textbook?,걔 교과서 빌려 [갈래]?,,,,,,
,,,기본,[Would you like to] sit here?,여기 앉으[시겠어요]?,,,,,,
,,,어려운,[Would you like to] join us for dinner?,저녁 같이 하[시겠어요]?,,,,,,
,,,기본,"[I'd like to] order, please.",주문[할게요].,10337-B,I'd like to ______ .,~하고 싶어요,S1 (원래 기본),카드 초록에 틀이 둘이다(묻기 / 청하기),S1 새로 지정 — 주어 변형 문장 없음 · 원래 문장 3개 + 새로 쓴 문장 5개 = 8칸
,,,어려운,[I'd like to] speak with the manager.,매니저와 이야기하[고 싶습니다].,,,,,,
,,,어려운,"[I'd like to] change my seat, please.",자리를 바꾸[고 싶습니다].,,,,,,
10341,another ______ / other ______s,또 하나의 ~ / 다른 ~들,기본,There's [another] exhibition upstairs.,위층에 전시가 [하나 더] 있어요.,10341-A,another ______,또 하나의 ~,S1,단수 another / 복수 other,원래 문장 5개 + 새로 쓴 문장 3개 = 8칸
,,,문장1-2,There's [another] exhibition downstairs.,아래층에 전시가 [하나 더] 있어요.,,,,,,
,,,문장1-3,There was [another] exhibition upstairs.,위층에 전시가 [하나 더] 있었어요.,,,,,,
,,,기본,That's [another] good example.,그것도 [또 하나의] 좋은 예야.,,,,,,
,,,어려운,I'll give you [another] ten minutes.,10분 [더] 줄게.,,,,,,
,,,기본,Do they have [other] colors?,[다른] 색도 있어?,10341-B,other ______s,다른 ~들,S1 (원래 기본),단수 another / 복수 other,S1 새로 지정 — 주어 변형 문장 없음 · 원래 문장 3개 + 새로 쓴 문장 5개 = 8칸
,,,어려운,The [other] class finished early.,[다른] 반은 일찍 끝났어.,,,,,,
,,,어려운,Any [other] questions before we start?,시작하기 전에 [다른] 질문 있나요?,,,,,,
10349,"명령문 , or / and ______","~해, 안 그러면 ~ / ~하면 ~",기본,"Leave now, [or you'll] miss your hunting trip.","지금 나가, [안 그러면] 사냥 여행 놓쳐.",10349-A,"명령문 , or ______","~해, 안 그러면 ~",S1,or 와 and 의 뜻이 정반대다,원래 문장 5개 + 새로 쓴 문장 3개 = 8칸
,,,문장1-2,"Leave now, [or he'll] miss his hunting trip.","지금 나가, [안 그러면] 걔가 사냥 여행 놓쳐.",,,,,,
,,,문장1-3,"Leave now, [or she'll] miss her hunting trip.","지금 나가, [안 그러면] 그 애가 사냥 여행 놓쳐.",,,,,,
,,,기본,"Study hard, [or you'll] fail the test.","열심히 공부해, [안 그러면] 시험에 떨어져.",,,,,,
,,,어려운,"Don't be late, [or they'll] leave without you.","늦지 마, [안 그러면] 너 두고 갈 거야.",,,,,,
,,,기본,"Leave now, [and you'll] make it.",지금 나가[면] 시간 맞출 수 있을 거야.,10349-B,"명령문 , and ______",~하면 ~할 거야,S1 (원래 기본),or 와 and 의 뜻이 정반대다,S1 새로 지정 — 주어 변형 문장 없음 · 원래 문장 3개 + 새로 쓴 문장 5개 = 8칸
,,,어려운,Take this medicine [and you'll] feel better.,이 약 먹으[면] 나아질 거야.,,,,,,
,,,어려운,Turn left at the corner [and you'll] see it.,모퉁이에서 왼쪽으로 돌[면] 보일 거야.,,,,,,
10355,There is no ______ . / have no ______,~가 전혀 없어,기본,[There are no] tulips in this garden.,이 정원엔 튤립이 [없어].,10355-A,There is no ______ .,~가 전혀 없어,S1,카드 초록에 틀이 둘이다,원래 문장 5개 + 새로 쓴 문장 3개 = 8칸
,,,문장1-2,[There are no] tulips in that garden.,저 정원엔 튤립이 [없어].,,,,,,
,,,문장1-3,[There were no] tulips in this garden.,이 정원엔 튤립이 [없었어].,,,,,,
,,,기본,[There's no] risk at all.,위험은 전혀 [없어].,,,,,,
,,,어려운,[Were there no] options left?,남은 선택지가 [없었어]?,,,,,,
,,,기본,[I have no] free time today.,오늘은 여유 시간이 전혀 [없어].,10355-B,주어 + have no ______,(가진) ~가 전혀 없어,S1 (원래 기본),카드 초록에 틀이 둘이다,S1 새로 지정 — 주어 변형 문장 없음 · 원래 문장 3개 + 새로 쓴 문장 5개 = 8칸
,,,어려운,[She has no] friends around here.,[걔는] 이 근처에 친구가 [없어].,,,,,,
,,,어려운,[I have no] desire to argue with you.,너랑 다투고 싶은 마음이 전혀 [없어].,,,,,,
10369,stop ______ -ing / stop to ______,~하던 걸 멈추다 / ~하려고 멈추다,기본,I stopped [eating] grains.,난 곡물을 [끊었어].,10369-A,stop ______ -ing,~하던 걸 멈추다,S1,"동사가 다르고, 같은 동사도 -ing / to 에 따라 뜻이 정반대다",원래 문장 3개 + 새로 쓴 문장 5개 = 8칸
,,,문장1-2,He stopped [eating] grains.,걘 곡물을 [끊었어].,,,,,,
,,,문장1-3,She stopped [eating] grains.,그 앤 곡물을 [끊었어].,,,,,,
,,,기본,He stopped [to buy] some coffee.,걔는 커피를 [사려고] 멈췄어.,10369-B,stop to ______,~하려고 멈추다,S1 (원래 기본),"동사가 다르고, 같은 동사도 -ing / to 에 따라 뜻이 정반대다",S1 새로 지정 — 주어 변형 문장 없음 · 원래 문장 1개 + 새로 쓴 문장 7개 = 8칸
,,,기본,I regret [telling] her the truth.,걔한테 사실을 [말한 게] 후회돼.,10369-C,regret ______ -ing,~한 걸 후회하다,S1 (원래 기본),"동사가 다르고, 같은 동사도 -ing / to 에 따라 뜻이 정반대다",S1 새로 지정 — 주어 변형 문장 없음 · 원래 문장 1개 + 새로 쓴 문장 7개 = 8칸
,,,어려운,Remember [to call] your mother tonight.,오늘 밤 엄마한테 [전화하는 거] 잊지 마.,10369-D,remember to ______,~할 걸 기억하다,S1 (원래 어려운),"동사가 다르고, 같은 동사도 -ing / to 에 따라 뜻이 정반대다",S1 새로 지정 — 주어 변형 문장 없음 · 원래 문장 1개 + 새로 쓴 문장 7개 = 8칸
,,,어려운,I remember [meeting] him last time.,지난번에 걔를 [만난 게] 기억나.,10369-E,remember ______ -ing,~한 걸 기억하다,S1 (원래 어려운),"동사가 다르고, 같은 동사도 -ing / to 에 따라 뜻이 정반대다",S1 새로 지정 — 주어 변형 문장 없음 · 원래 문장 1개 + 새로 쓴 문장 7개 = 8칸
,,,어려운,I'll never forget [seeing] her for the first time.,걔를 처음 [봤던] 순간을 절대 잊지 못할 거야.,10369-F,forget ______ -ing,~한 걸 잊다,S1 (원래 어려운),"동사가 다르고, 같은 동사도 -ing / to 에 따라 뜻이 정반대다",S1 새로 지정 — 주어 변형 문장 없음 · 원래 문장 1개 + 새로 쓴 문장 7개 = 8칸
10376,"______ -ing / ______(과거분사) , 주어 + 동사 .",~하면서 / ~해서 ~해,기본,"[Wearing] a warm scarf, she walked to school.",따뜻한 목도리를 [두르고] 학교까지 걸어갔어.,10376-A,"______ -ing , 주어 + 동사 .",~하면서 ~해,S1,능동 -ing / 수동 과거분사,원래 문장 5개 + 새로 쓴 문장 3개 = 8칸
,,,문장1-2,"[Wearing] a warm scarf, he walked to school.",따뜻한 목도리를 [두르고] 걔는 학교까지 걸어갔어.,,,,,,
,,,문장1-3,"[Wearing] a warm scarf, they walked to school.",따뜻한 목도리를 [두르고] 그들은 학교까지 걸어갔어.,,,,,,
,,,기본,"[Smiling] to himself, he left the room.",걔는 혼자 [미소 지으며] 방을 나갔어.,,,,,,
,,,기본,"[Feeling] tired, he went to bed early.",[피곤해서] 걔는 일찍 잤어.,,,,,,
,,,어려운,"[Frightened] by the noise, the cat ran away.",소리에 [놀라서] 고양이가 도망갔어.,10376-B,"______(과거분사) , 주어 + 동사 .",~돼서 ~해,S1 (원래 어려운),능동 -ing / 수동 과거분사,S1 새로 지정 — 주어 변형 문장 없음 · 원래 문장 3개 + 새로 쓴 문장 5개 = 8칸
,,,어려운,"[Exhausted] from a long day, she fell asleep.",긴 하루에 [지쳐서] 걔는 잠들었어.,,,,,,
,,,어려운,"[Criticized] by everyone, he decided to quit.",모두에게 [비난받고] 그는 그만두기로 했어.,,,,,,
10378,with + 명사 + ______ -ing / ______(과거분사),~한 채로,기본,He sat in the studio [with] his hands [shaking].,걔는 손을 [떨며] 스튜디오에 앉아 있었어.,10378-A,with + 명사 + ______ -ing,~가 ~하는 채로,S1,능동 -ing / 수동 과거분사,원래 문장 6개 + 새로 쓴 문장 2개 = 8칸
,,,문장1-2,She sat in the studio [with] her hands [shaking].,걔는 손을 [떨며] 스튜디오에 앉아 있었어.,,,,,,
,,,문장1-3,He stood in the studio [with] his hands [shaking].,걔는 손을 [떨며] 스튜디오에 서 있었어.,,,,,,
,,,기본,I fell asleep [with] my music [playing].,음악을 [틀어놓은 채]로 잠들었어.,,,,,,
,,,어려운,We just sat there [with] the engine [running].,우린 시동을 [켜둔 채] 그냥 앉아 있었어.,,,,,,
,,,어려운,I can't study [with] my brother [singing].,동생이 [노래를 부르는 통에] 공부를 못 하겠어.,,,,,,
,,,기본,He stood there [with] his arms [crossed].,걔는 팔짱을 [낀 채] 거기 서 있었어.,10378-B,with + 명사 + ______(과거분사),~가 ~된 채로,S1 (원래 기본),능동 -ing / 수동 과거분사,S1 새로 지정 — 주어 변형 문장 없음 · 원래 문장 2개 + 새로 쓴 문장 6개 = 8칸
,,,어려운,I just lay there [with] my eyes [closed].,난 그냥 눈을 [감은 채] 누워 있었어.,,,,,,
10400,명사 + ______ -ing / ______(과거분사),~하는 ~ / ~된 ~,기본,Kids [exposed] to music learn faster.,음악을 [접한] 아이들은 더 빨리 학습해.,10400-A,명사 + ______(과거분사),~된 ~,S1,능동 -ing / 수동 과거분사,원래 문장 4개 + 새로 쓴 문장 4개 = 8칸
,,,문장1-2,Students [exposed] to music learn faster.,음악을 [접한] 학생들은 더 빨리 학습해.,,,,,,
,,,문장1-3,Kids [exposed] to music learn much faster.,음악을 [접한] 아이들은 훨씬 더 빨리 학습해.,,,,,,
,,,어려운,The car [parked] near the gate is mine.,정문 근처에 [세워둔] 차가 내 거야.,,,,,,
,,,기본,The man [sitting] outside is my uncle.,밖에 [앉아 계신] 분이 우리 삼촌이야.,10400-B,명사 + ______ -ing,~하는 ~,S1 (원래 기본),능동 -ing / 수동 과거분사,S1 새로 지정 — 주어 변형 문장 없음 · 원래 문장 4개 + 새로 쓴 문장 4개 = 8칸
,,,기본,The problem [facing] us is very serious.,우리가 [직면한] 문제는 아주 심각해.,,,,,,
,,,어려운,The people [waiting] in line looked tired.,줄 [서 있던] 사람들이 지쳐 보였어.,,,,,,
,,,어려운,My husband is the one [wearing] the hat.,모자 [쓴] 사람이 제 남편이에요.,,,,,,
10402,"______ , which / who + 동사 …","~했는데, 그게 ~해",기본,"They went bankrupt, [which] surprised everyone.","그들이 파산했[는데], 다들 놀랐어.",10402-A,"______ , which + 동사 …","~했는데, 그게 ~해",S1,사물·사건 which / 사람 who,원래 문장 6개 + 새로 쓴 문장 2개 = 8칸
,,,문장1-2,"He went bankrupt, [which] surprised everyone.","걔가 파산했[는데], 다들 놀랐어.",,,,,,
,,,문장1-3,"She went bankrupt, [which] surprised everyone.","걔가 파산했[는데], 다들 놀랐어.",,,,,,
,,,기본,"We stayed at a hotel, [which] was clean.",우린 호텔에 묵었[는데] 깨끗했어.,,,,,,
,,,기본,"He works here, [which] is nice.","걔가 여기서 일하[는데], 그게 좋아.",,,,,,
,,,어려운,"My car broke down, [which] made me late.",차가 고장 나[서] 늦었어.,,,,,,
,,,어려운,"I met Sarah, [who] works at a bank.","사라를 만났[는데], 은행에서 일해.",10402-B,"사람 , who + 동사 …","~인데, 그 사람은 ~해",S1 (원래 어려운),사물·사건 which / 사람 who,S1 새로 지정 — 주어 변형 문장 없음 · 원래 문장 2개 + 새로 쓴 문장 6개 = 8칸
,,,어려운,"My uncle, [who] lives in Boston, called me.",보스턴에 사[는] 삼촌이 나한테 전화했어.,,,,,,
10406,전치사 + which / whom + 주어 + 동사,~가 ~한 그 ~,기본,This is [the] motel [in which] she stayed.,여기가 걔가 묵었[던] 모텔이야.,10406-A,전치사 + which + 주어 + 동사,~가 ~한 그 (곳·것),S1,사물 which / 사람 whom,원래 문장 6개 + 새로 쓴 문장 2개 = 8칸
,,,문장1-2,This is [the] motel [in which] he stayed.,여기가 걔가 묵었[던] 모텔이야.,,,,,,
,,,문장1-3,This is [the] motel [in which] they stayed.,여기가 그들이 묵었[던] 모텔이야.,,,,,,
,,,기본,This is the town [in which] they grew up.,여기가 그들이 자[란] 마을이야.,,,,,,
,,,기본,That's the school [from which] he graduated.,저기가 걔가 졸업[한] 학교야.,,,,,,
,,,어려운,This is the park [in which] we first met.,여기가 우리가 처음 만[난] 공원이야.,,,,,,
,,,어려운,She's the one [for whom] it was written.,그건 [걔를 위해] 쓰인 거야.,10406-B,전치사 + whom + 주어 + 동사,~가 ~한 그 사람,S1 (원래 어려운),사물 which / 사람 whom,S1 새로 지정 — 주어 변형 문장 없음 · 원래 문장 2개 + 새로 쓴 문장 6개 = 8칸
,,,어려운,He's the person [to whom] it's addressed.,이건 바로 걔[한테] 온 거야.,,,,,,
10439,I don't know if ______ .,~인지 모르겠어,기본,[I don't know if] it's poisonous.,독이 있[는지 모르]겠어.,10439-A,I don't know if ______ .,~인지 모르겠어,S1,문장에 틀이 둘이다(don't know if / not sure if),원래 문장 6개 + 새로 쓴 문장 2개 = 8칸
,,,문장1-2,[He doesn't know if] it's poisonous.,[걘] 독이 있[는지 모른]대.,,,,,,
,,,문장1-3,[I don't know if] they're poisonous.,그것들이 독이 있[는지 모르]겠어.,,,,,,
,,,기본,[I don't know if] they're open.,거기 문 열었[는지 모르]겠어.,,,,,,
,,,기본,[I don't know if] I should tell you.,너한테 말해야 할[지 모르겠]어.,,,,,,
,,,어려운,[I don't know if] that's a good idea.,그게 좋은 생각인[지 모르겠]어.,,,,,,
,,,어려운,[I'm not sure if] you'd like it.,네가 좋아할[지 잘 모르겠어].,10439-B,I'm not sure if ______ .,~인지 잘 모르겠어,S1 (원래 어려운),문장에 틀이 둘이다(don't know if / not sure if),S1 새로 지정 — 주어 변형 문장 없음 · 원래 문장 2개 + 새로 쓴 문장 6개 = 8칸
,,,어려운,[I'm not sure if] he's coming tonight.,걔가 오늘 밤 올[지 잘 모르겠어].,,,,,,
